,DecimalDegrees,DecimalDegrees,m asl,,JulianDay,,,,,,,cm,,,mm,g,g,g/g,cm2,cm2/g,
SiteName,Latitude,Longitude,Altitude,Treatment,DOY_measured,Year_measured,SpeciesName,Taxon,Ind,Code,BFun,PlantHeight_Veg,WBI,NDVI,LeafThick,FreshMass,DryMass,LDMC,LeafArea,SLA,DataContributor
Atqasuk,70.45,157.4,30,None,194,2018,Betula nana,BETNAN,1,BETNAN1,DSHR,19.4,1.003718571,0.8300984079,0.23,0.0071,0.0036,0.5070422535,0.70989,197.1916667,Katlyn Betway
Atqasuk,70.45,157.4,30,None,194,2018,Betula nana,BETNAN,2,BETNAN2,DSHR,23.2,1.005782321,0.8748451487,0.13,0.0083,0.0044,0.5301204819,0.84131,191.2068182,Katlyn Betway
Atqasuk,70.45,157.4,30,None,194,2018,Betula nana,BETNAN,3,BETNAN3,DSHR,13.5,1.006886956,0.8278505807,0.21,0.0078,0.0036,0.4615384615,0.74006,205.5722222,Katlyn Betway
Atqasuk,70.45,157.4,30,None,194,2018,Betula nana,BETNAN,4,BETNAN4,DSHR,16.6,1.000471864,0.855083704,0.23,0.007,0.0037,0.5285714286,0.60749,164.1864865,Katlyn Betway
Atqasuk,70.45,157.4,30,None,194,2018,Betula nana,BETNAN,5,BETNAN5,DSHR,10.2,0.998924966,0.8342391499,0.31,0.0105,0.0049,0.4666666667,0.82506,168.3795918,Katlyn Betway
Atqasuk,70.45,157.4,30,None,194,2018,Betula nana,BETNAN,6,BETNAN6,DSHR,21.2,0.9972689729,0.8509475914,0.22,0.0047,0.0027,0.5744680851,0.60612,224.4888889,Katlyn Betway
Atqasuk,70.45,157.4,30,None,194,2018,Betula nana,BETNAN,7,BETNAN7,DSHR,10.7,0.9919050061,0.842774482,0.27,0.0056,0.0045,0.8035714286,0.64721,143.8244444,Katlyn Betway
Atqasuk,70.45,157.4,30,None,194,2018,Betula nana,BETNAN,8,BETNAN8,DSHR,23.6,0.988483496,0.8290866049,0.18,0.006,0.0046,0.7666666667,0.66558,144.6913043,Katlyn Betway
Atqasuk,70.45,157.4,30,None,194,2018,Betula nana,BETNAN,9,BETNAN9,DSHR,13,0.9956877582,0.8481488604,0.22,0.0078,0.0036,0.4615384615,0.77666,215.7388889,Katlyn Betway
Atqasuk,70.45,157.4,30,None,194,2018,Betula nana,BETNAN,10,BETNAN10,DSHR,26.3,0.9975444129,0.8715207214,0.31,0.007,0.0035,0.5,0.55862,159.6057143,Katlyn Betway
Atqasuk,70.45,157.4,30,None,193,2018,Carex aquatilis,CARAQU,1,CARAQU1,GRAM,28.7,1.01238952,0.7983247407,0.52,0.0962,0.0582,0.604989605,4.54178,78.03745704,Katlyn Betway
Atqasuk,70.45,157.4,30,None,193,2018,Carex aquatilis,CARAQU,2,CARAQU2,GRAM,25.5,1.011812782,0.7057920905,0.39,0.0724,0.0351,0.4848066298,2.41889,68.91424501,Katlyn Betway
Atqasuk,70.45,157.4,30,None,193,2018,Carex aquatilis,CARAQU,3,CARAQU3,GRAM,17.3,0.9654955407,0.7041482253,0.47,0.0182,0.0169,0.9285714286,0.82454,48.78934911,Katlyn Betway
Atqasuk,70.45,157.4,30,None,193,2018,Carex aquatilis,CARAQU,4,CARAQU4,GRAM,8.2,0.999286381,0.6721757966,0.28,0.0085,0.0051,0.6,0.89871,176.2176471,Katlyn Betway
Atqasuk,70.45,157.4,30,None,193,2018,Carex aquatilis,CARAQU,5,CARAQU5,GRAM,17.9,1.005575249,0.7446487287,0.28,0.0189,0.0106,0.5608465608,1.33268,125.7245283,Katlyn Betway
Atqasuk,70.45,157.4,30,None,193,2018,Carex aquatilis,CARAQU,6,CARAQU6,GRAM,18,1.012148346,0.7775699919,0.2,0.0332,0.0322,0.9698795181,1.41561,43.96304348,Katlyn Betway
Atqasuk,70.45,157.4,30,None,193,2018,Carex aquatilis,CARAQU,7,CARAQU7,GRAM,22.4,1.0103911,0.7181133777,0.21,0.0496,0.0254,0.5120967742,2.32515,91.54133858,Katlyn Betway
Atqasuk,70.45,157.4,30,None,193,2018,Carex aquatilis,CARAQU,8,CARAQU8,GRAM,26.5,1.018280353,0.7667986056,0.19,0.0291,0.0152,0.5223367698,1.17917,77.57697368,Katlyn Betway
Atqasuk,70.45,157.4,30,None,193,2018,Carex aquatilis,CARAQU,9,CARAQU9,GRAM,27.7,1.015569532,0.7339180349,0.32,0.0846,0.0447,0.5283687943,3.49468,78.18076063,Katlyn Betway
Atqasuk,70.45,157.4,30,None,193,2018,Carex aquatilis,CARAQU,10,CARAQU10,GRAM,17.7,1.005772823,0.69718315,0.2,0.0306,0.0223,0.7287581699,1.43085,64.16367713,Katlyn Betway
Atqasuk,70.45,157.4,30,None,192,2018,Cassiope tetragona,CASTET,1,CASTET1,ESHR,6.9,0.9957983129,0.7994560556,1.46,0.0251,0.0185,0.7370517928,0.48053,25.97459459,Katlyn Betway
Atqasuk,70.45,157.4,30,None,192,2018,Cassiope tetragona,CASTET,2,CASTET2,ESHR,4.4,1.000455058,0.851713188,1.48,0.0558,0.0377,0.6756272401,0.97071,25.74827586,Katlyn Betway
Atqasuk,70.45,157.4,30,None,192,2018,Cassiope tetragona,CASTET,3,CASTET3,ESHR,6.1,0.9948023763,0.7669224361,1.76,0.0827,0.057,0.6892382104,1.03685,18.19035088,Katlyn Betway
Atqasuk,70.45,157.4,30,None,192,2018,Cassiope tetragona,CASTET,4,CASTET4,ESHR,6.2,0.9715147293,0.6410042108,2.24,0.0744,0.0534,0.7177419355,1.15742,21.67453184,Katlyn Betway
Atqasuk,70.45,157.4,30,None,192,2018,Cassiope tetragona,CASTET,5,CASTET5,ESHR,5.2,0.9555019368,0.6927923655,1.51,0.0782,0.0651,0.8324808184,1.58146,24.29278034,Katlyn Betway
Atqasuk,70.45,157.4,30,None,192,2018,Cassiope tetragona,CASTET,6,CASTET6,ESHR,6.1,0.9792349795,0.880003856,1.69,0.1081,0.081,0.749306198,1.88266,23.24271605,Katlyn Betway
Atqasuk,70.45,157.4,30,None,192,2018,Cassiope tetragona,CASTET,7,CASTET7,ESHR,6,0.9785084397,0.7301240097,1.86,0.1003,0.0733,0.7308075773,1.55541,21.21978172,Katlyn Betway
Atqasuk,70.45,157.4,30,None,192,2018,Cassiope tetragona,CASTET,8,CASTET8,ESHR,7.3,0.9426766713,0.6127392678,1.46,0.0382,0.0337,0.8821989529,0.75212,22.31810089,Katlyn Betway
Atqasuk,70.45,157.4,30,None,192,2018,Cassiope tetragona,CASTET,9,CASTET9,ESHR,6.5,0.9789264895,0.776846044,2.14,0.0681,0.0485,0.7121879589,1.07916,22.25072165,Katlyn Betway
Atqasuk,70.45,157.4,30,None,192,2018,Cassiope tetragona,CASTET,10,CASTET10,ESHR,6.3,0.9832737221,0.7854802765,1.69,0.0763,0.0488,0.6395806029,1.10562,22.65614754,Katlyn Betway
Atqasuk,70.45,157.4,30,None,193,2018,Eriophorum angustifolium,ERIANG,1,ERIANG1,GRAM,32.9,1.014313321,0.7717095854,0.49,0.2501,0.1063,0.425029988,7.66192,72.07826905,Katlyn Betway
Atqasuk,70.45,157.4,30,None,193,2018,Eriophorum angustifolium,ERIANG,2,ERIANG2,GRAM,23.6,1.024000295,0.651516856,0.19,0.099,0.0345,0.3484848485,2.86777,83.12376812,Katlyn Betway
Atqasuk,70.45,157.4,30,None,193,2018,Eriophorum angustifolium,ERIANG,3,ERIANG3,GRAM,18.7,1.023501609,0.6445500818,0.41,0.0883,0.0351,0.3975084938,2.43393,69.34273504,Katlyn Betway
Atqasuk,70.45,157.4,30,None,193,2018,Eriophorum angustifolium,ERIANG,4,ERIANG4,GRAM,27,1.020865817,0.6161191491,0.48,0.1388,0.0542,0.3904899135,4.15356,76.63394834,Katlyn Betway
Atqasuk,70.45,157.4,30,None,193,2018,Eriophorum angustifolium,ERIANG,5,ERIANG5,GRAM,30.3,0.9986585174,0.6015240938,0.59,0.0732,0.0482,0.6584699454,3.94382,81.8219917,Katlyn Betway
Atqasuk,70.45,157.4,30,None,193,2018,Eriophorum angustifolium,ERIANG,6,ERIANG6,GRAM,24.1,1.005856414,0.7772606193,0.42,0.064,0.0327,0.5109375,2.60979,79.81009174,Katlyn Betway
Atqasuk,70.45,157.4,30,None,193,2018,Eriophorum angustifolium,ERIANG,7,ERIANG7,GRAM,20.7,1.00591244,0.7115999166,0.52,0.1138,0.056,0.4920913884,3.69174,65.92392857,Katlyn Betway
Atqasuk,70.45,157.4,30,None,193,2018,Eriophorum angustifolium,ERIANG,8,ERIANG8,GRAM,26.1,1.007409857,0.7131894143,0.51,0.1331,0.0514,0.3861758077,4.09487,79.66673152,Katlyn Betway
Atqasuk,70.45,157.4,30,None,193,2018,Eriophorum angustifolium,ERIANG,9,ERIANG9,GRAM,30.1,0.9860616875,0.7583555322,0.43,0.0467,0.0345,0.73875803,3.08606,89.45101449,Katlyn Betway
Atqasuk,70.45,157.4,30,None,193,2018,Eriophorum angustifolium,ERIANG,10,ERIANG10,GRAM,22.2,1.008915588,0.7019802875,0.29,0.0776,0.0265,0.3414948454,2.78885,105.2396226,Katlyn Betway
Atqasuk,70.45,157.4,30,None,192,2018,Eriophorum russeolum,ERIRUS,1,ERIRUS1,GRAM,7.9,0.9878143411,0.716629526,0.1,0.0109,0.0077,0.7064220183,0.71809,93.25844156,Katlyn Betway
Atqasuk,70.45,157.4,30,None,192,2018,Eriophorum russeolum,ERIRUS,2,ERIRUS2,GRAM,8.3,0.9838336779,0.68006025,0.83,0.0185,0.0096,0.5189189189,0.82337,85.76770833,Katlyn Betway
Atqasuk,70.45,157.4,30,None,192,2018,Eriophorum russeolum,ERIRUS,3,ERIRUS3,GRAM,8.2,0.9888406322,0.7633095813,1.13,0.0276,0.0095,0.3442028986,0.50674,53.34105263,Katlyn Betway
Atqasuk,70.45,157.4,30,None,192,2018,Eriophorum russeolum,ERIRUS,4,ERIRUS4,GRAM,8.4,0.9804431778,0.7138455563,0.9,0.0135,0.0106,0.7851851852,1.04714,98.78679245,Katlyn Betway
Atqasuk,70.45,157.4,30,None,192,2018,Eriophorum russeolum,ERIRUS,5,ERIRUS5,GRAM,8.8,0.9854031065,0.7591970695,1.03,0.0175,0.0108,0.6171428571,0.72035,66.69907407,Katlyn Betway
Atqasuk,70.45,157.4,30,None,192,2018,Eriophorum russeolum,ERIRUS,6,ERIRUS6,GRAM,9,0.9763558778,0.7527457541,1.09,0.0132,0.0101,0.7651515152,0.72921,72.1990099,Katlyn Betway
Atqasuk,70.45,157.4,30,None,192,2018,Eriophorum russeolum,ERIRUS,7,ERIRUS7,GRAM,6.8,0.9801227437,0.6444533712,0.83,0.0076,0.0058,0.7631578947,0.60433,104.1948276,Katlyn Betway
Atqasuk,70.45,157.4,30,None,192,2018,Eriophorum russeolum,ERIRUS,8,ERIRUS8,GRAM,10.1,0.938344458,0.6750794866,0.85,0.0123,0.01,0.8130081301,1.02114,102.114,Katlyn Betway
Atqasuk,70.45,157.4,30,None,192,2018,Eriophorum russeolum,ERIRUS,9,ERIRUS9,GRAM,9.4,0.9854468205,0.647927381,0.81,0.0179,0.0105,0.5865921788,0.78798,75.04571429,Katlyn Betway
Atqasuk,70.45,157.4,30,None,192,2018,Eriophorum russeolum,ERIRUS,10,ERIRUS10,GRAM,8.5,0.9865713554,0.7055806694,1.06,0.03,0.0099,0.33,0.82852,83.68888889,Katlyn Betway
Atqasuk,70.45,157.4,30,None,192,2018,Eriophorum vaginatum,ERIVAG,1,ERIVAG1,GRAM,6.6,0.9853492517,0.6293879509,0.61,0.0121,0.0054,0.4462809917,0.4713,87.27777778,Katlyn Betway
Atqasuk,70.45,157.4,30,None,192,2018,Eriophorum vaginatum,ERIVAG,2,ERIVAG2,GRAM,9.7,0.9873815917,0.7268472111,0.79,0.0121,0.0043,0.3553719008,0.35617,82.83023256,Katlyn Betway
Atqasuk,70.45,157.4,30,None,192,2018,Eriophorum vaginatum,ERIVAG,3,ERIVAG3,GRAM,10.8,0.9860574343,0.6916016855,0.83,0.0289,0.0128,0.4429065744,0.93449,73.00703125,Katlyn Betway
Atqasuk,70.45,157.4,30,None,192,2018,Eriophorum vaginatum,ERIVAG,4,ERIVAG4,GRAM,12.5,0.985794881,0.6590972884,1.7,0.0249,0.0095,0.3815261044,0.7638,80.4,Katlyn Betway
Atqasuk,70.45,157.4,30,None,192,2018,Eriophorum vaginatum,ERIVAG,5,ERIVAG5,GRAM,14.2,0.9806766434,0.6904398637,0.7,0.0301,0.013,0.4318936877,0.90786,69.83538462,Katlyn Betway
Atqasuk,70.45,157.4,30,None,192,2018,Eriophorum vaginatum,ERIVAG,6,ERIVAG6,GRAM,12.4,0.9828053782,0.6858530256,0.9,0.0333,0.0127,0.3813813814,0.92024,72.45984252,Katlyn Betway
Atqasuk,70.45,157.4,30,None,192,2018,Eriophorum vaginatum,ERIVAG,7,ERIVAG7,GRAM,9,0.9835685382,0.7201946815,0.77,0.0313,0.0127,0.4057507987,0.99389,78.25905512,Katlyn Betway
Atqasuk,70.45,157.4,30,None,192,2018,Eriophorum vaginatum,ERIVAG,8,ERIVAG8,GRAM,13.1,0.981051511,0.7676789917,0.7,0.0343,0.015,0.4373177843,1.05738,70.492,Katlyn Betway
Atqasuk,70.45,157.4,30,None,192,2018,Eriophorum vaginatum,ERIVAG,9,ERIVAG9,GRAM,13.5,0.9871405,0.694066364,0.82,0.0367,0.0147,0.4005449591,1.23993,84.34897959,Katlyn Betway
Atqasuk,70.45,157.4,30,None,192,2018,Eriophorum vaginatum,ERIVAG,10,ERIVAG10,GRAM,13.8,0.9869885884,0.7313675986,0.51,0.0438,0.0177,0.404109589,1.1115,62.79661017,Katlyn Betway
Atqasuk,70.45,157.4,30,None,195,2018,Ledum palustre,LEDPAL,1,LEDPAL1,ESHR,7,0.9974205904,0.6460690078,0.7,0.0038,0.0033,0.8684210526,0.14753,44.70606061,Katlyn Betway
Atqasuk,70.45,157.4,30,None,195,2018,Ledum palustre,LEDPAL,2,LEDPAL2,ESHR,3.5,0.9950924517,0.6105608466,0.72,0.0035,0.0024,0.6857142857,0.15006,62.525,Katlyn Betway
Atqasuk,70.45,157.4,30,None,195,2018,Ledum palustre,LEDPAL,3,LEDPAL3,ESHR,4.4,0.9839448781,0.5609345506,0.67,0.0024,0.0018,0.75,0.11728,65.15555556,Katlyn Betway
Atqasuk,70.45,157.4,30,None,195,2018,Ledum palustre,LEDPAL,4,LEDPAL4,ESHR,3.2,1.012234005,0.7476138783,0.82,0.0069,0.0045,0.652173913,0.22835,50.74444444,Katlyn Betway
Atqasuk,70.45,157.4,30,None,195,2018,Ledum palustre,LEDPAL,5,LEDPAL5,ESHR,3.3,0.9949020005,0.6539724638,0.37,0.0013,0.0005,0.3846153846,0.06049,120.98,Katlyn Betway
Atqasuk,70.45,157.4,30,None,195,2018,Ledum palustre,LEDPAL,6,LEDPAL6,ESHR,3.1,1.007590932,0.7829381412,0.7,0.0059,0.0035,0.593220339,0.18476,52.78857143,Katlyn Betway
Atqasuk,70.45,157.4,30,None,195,2018,Ledum palustre,LEDPAL,7,LEDPAL7,ESHR,2.3,1.001733194,0.7102402159,0.78,0.0047,0.0031,0.6595744681,0.14279,46.06129032,Katlyn Betway
Atqasuk,70.45,157.4,30,None,195,2018,Ledum palustre,LEDPAL,8,LEDPAL8,ESHR,3.3,0.9999906888,0.6820301549,0.48,0.0027,0.0021,0.7777777778,0.12371,58.90952381,Katlyn Betway
Atqasuk,70.45,157.4,30,None,195,2018,Ledum palustre,LEDPAL,9,LEDPAL9,ESHR,2.7,1.000792815,0.7095863514,0.62,0.0028,0.002,0.7142857143,0.11897,59.485,Katlyn Betway
Atqasuk,70.45,157.4,30,None,195,2018,Ledum palustre,LEDPAL,10,LEDPAL10,ESHR,2,0.9977390248,0.6761286142,0.78,0.0051,0.0037,0.7254901961,0.20327,54.93783784,Katlyn Betway
Atqasuk,70.45,157.4,30,None,194,2018,Luzula confusa,LUZCON,1,LUZCON1,GRAM,5.6,0.9977300528,0.5981745322,0.21,0.0064,0.0046,0.71875,0.52914,115.0304348,Katlyn Betway
Atqasuk,70.45,157.4,30,None,194,2018,Luzula confusa,LUZCON,2,LUZCON2,GRAM,10.1,0.9960292043,0.4829334079,0.23,0.0094,0.0074,0.7872340426,0.34907,47.17162162,Katlyn Betway
Atqasuk,70.45,157.4,30,None,194,2018,Luzula confusa,LUZCON,3,LUZCON3,GRAM,7.5,1.009574198,0.6225446435,0.42,0.016,0.008,0.5,0.75323,94.15375,Katlyn Betway
Atqasuk,70.45,157.4,30,None,194,2018,Luzula confusa,LUZCON,4,LUZCON4,GRAM,8.2,0.9861024286,0.4916261269,0.31,0.005,0.0036,0.72,0.24596,68.32222222,Katlyn Betway
Atqasuk,70.45,157.4,30,None,194,2018,Luzula confusa,LUZCON,5,LUZCON5,GRAM,7.4,0.995491079,0.5774508071,0.47,0.0082,0.0052,0.6341463415,0.50168,96.47692308,Katlyn Betway
Atqasuk,70.45,157.4,30,None,194,2018,Luzula confusa,LUZCON,6,LUZCON6,GRAM,4.8,1.007230628,0.5983877145,0.35,0.0079,0.0051,0.6455696203,0.5014,98.31372549,Katlyn Betway
Atqasuk,70.45,157.4,30,None,194,2018,Luzula confusa,LUZCON,7,LUZCON7,GRAM,6.5,0.9950902377,0.5343430133,0.31,0.0068,0.0046,0.6764705882,0.48753,105.9847826,Katlyn Betway
Atqasuk,70.45,157.4,30,None,194,2018,Luzula confusa,LUZCON,8,LUZCON8,GRAM,6,0.9882302117,0.4761934044,0.23,0.0061,0.0031,0.5081967213,0.25797,83.21612903,Katlyn Betway
Atqasuk,70.45,157.4,30,None,194,2018,Luzula confusa,LUZCON,9,LUZCON9,GRAM,7.3,1.002534698,0.4846437113,0.28,0.0131,0.0074,0.5648854962,0.16437,22.21216216,Katlyn Betway
Atqasuk,70.45,157.4,30,None,194,2018,Luzula confusa,LUZCON,10,LUZCON10,GRAM,5.5,0.9995084206,0.5454334271,0.28,0.0098,0.0076,0.7755102041,0.71377,93.91710526,Katlyn Betway
Atqasuk,70.45,157.4,30,None,194,2018,Pedicularis lanata,PEDLAN,1,PEDLAN1,FORB,5.3,0.9936484587,0.7255110737,0.4,0.0236,0.0102,0.4322033898,0.93668,91.83137255,Katlyn Betway
Atqasuk,70.45,157.4,30,None,194,2018,Pedicularis lanata,PEDLAN,2,PEDLAN2,FORB,7.1,0.9928266863,0.8048912275,0.37,0.0403,0.0137,0.3399503722,1.64538,120.1007299,Katlyn Betway
Atqasuk,70.45,157.4,30,None,194,2018,Pedicularis lanata,PEDLAN,3,PEDLAN3,FORB,1.9,1.00886586,0.7396972438,0.47,0.0185,0.0107,0.5783783784,1.33487,124.7542056,Katlyn Betway
Atqasuk,70.45,157.4,30,None,194,2018,Pedicularis lanata,PEDLAN,4,PEDLAN4,FORB,2,1.025821246,0.6357987871,0.31,0.0424,0.0131,0.3089622642,2.21555,169.1259542,Katlyn Betway
Atqasuk,70.45,157.4,30,None,194,2018,Pedicularis lanata,PEDLAN,5,PEDLAN5,FORB,4,1.028690308,0.5977169288,0.42,0.0403,0.0125,0.3101736973,1.92192,153.7536,Katlyn Betway
Atqasuk,70.45,157.4,30,None,194,2018,Pedicularis lanata,PEDLAN,6,PEDLAN6,FORB,3.7,1.027871758,0.8069036411,0.4,0.023,0.0068,0.2956521739,1.11371,163.7808824,Katlyn Betway
Atqasuk,70.45,157.4,30,None,194,2018,Pedicularis lanata,PEDLAN,7,PEDLAN7,FORB,3.9,1.018584442,0.7275163711,0.34,0.0156,0.0074,0.4743589744,1.1765,158.9864865,Katlyn Betway
Atqasuk,70.45,157.4,30,None,194,2018,Pedicularis lanata,PEDLAN,8,PEDLAN8,FORB,2.8,1.02265601,0.6901313805,0.49,0.0301,0.01,0.3322259136,1.6875,168.75,Katlyn Betway
Atqasuk,70.45,157.4,30,None,194,2018,Pedicularis lanata,PEDLAN,9,PEDLAN9,FORB,2,1.019713361,0.6324115906,0.27,0.0082,0.0034,0.4146341463,0.4843,142.4411765,Katlyn Betway
Atqasuk,70.45,157.4,30,None,194,2018,Pedicularis lanata,PEDLAN,10,PEDLAN10,FORB,4.5,1.019270602,0.675894519,0.48,0.0244,0.0092,0.3770491803,1.45543,158.198913,Katlyn Betway
Atqasuk,70.45,157.4,30,None,191,2018,Petasites frigidus,PETFRI,1,PETFRI1,FORB,4.8,1.041415443,0.8604061019,0.52,0.2729,0.0652,0.2389153536,9.5365,146.2653374,Katlyn Betway
Atqasuk,70.45,157.4,30,None,191,2018,Petasites frigidus,PETFRI,2,PETFRI2,FORB,8.1,1.043265765,0.8650120397,1.05,0.4169,0.0813,0.195010794,12.22099,150.3196802,Katlyn Betway
Atqasuk,70.45,157.4,30,None,191,2018,Petasites frigidus,PETFRI,3,PETFRI3,FORB,5.9,1.034721332,0.8848104884,0.8,0.3689,0.0712,0.1930062348,10.52771,147.8610955,Katlyn Betway
Atqasuk,70.45,157.4,30,None,191,2018,Petasites frigidus,PETFRI,4,PETFRI4,FORB,6.8,1.038759889,0.885497277,0.86,0.3353,0.0667,0.1989263346,10.30037,154.4283358,Katlyn Betway
Atqasuk,70.45,157.4,30,None,191,2018,Petasites frigidus,PETFRI,5,PETFRI5,FORB,7.8,1.035819244,0.7770806311,0.99,0.3662,0.0677,0.1848716548,9.44149,139.460709,Katlyn Betway
Atqasuk,70.45,157.4,30,None,191,2018,Petasites frigidus,PETFRI,6,PETFRI6,FORB,8.9,1.038210498,0.8413793103,0.73,0.608,0.1325,0.2179276316,15.42055,116.3815094,Katlyn Betway
Atqasuk,70.45,157.4,30,None,191,2018,Petasites frigidus,PETFRI,7,PETFRI7,FORB,7.4,1.034826261,0.8225780556,0.82,0.4543,0.1003,0.2207792208,10.5782,105.4656032,Katlyn Betway
Atqasuk,70.45,157.4,30,None,191,2018,Petasites frigidus,PETFRI,8,PETFRI8,FORB,7.5,1.031178113,0.8039277185,0.71,0.5831,0.1366,0.2342651346,17.38046,127.236164,Katlyn Betway
Atqasuk,70.45,157.4,30,None,191,2018,Petasites frigidus,PETFRI,9,PETFRI9,FORB,7.2,1.027160738,0.8351113436,0.71,0.6952,0.1433,0.206127733,15.29004,106.6995115,Katlyn Betway
Atqasuk,70.45,157.4,30,None,191,2018,Petasites frigidus,PETFRI,10,PETFRI10,FORB,6.7,1.029604614,0.8348035971,0.61,0.3551,0.0804,0.2264150943,11.27888,140.2845771,Katlyn Betway
Atqasuk,70.45,157.4,30,None,195,2018,Poa arctica,POAARC,1,POAARC1,GRAM,5.6,1.013135345,0.7807365153,0.22,0.0175,0.0108,0.6171428571,0.97355,90.14351852,Katlyn Betway
Atqasuk,70.45,157.4,30,None,195,2018,Poa arctica,POAARC,2,POAARC2,GRAM,5.6,1.015611049,0.7677361276,0.3,0.0236,0.0114,0.4830508475,1.59902,140.2649123,Katlyn Betway
Atqasuk,70.45,157.4,30,None,195,2018,Poa arctica,POAARC,3,POAARC3,GRAM,5.7,1.014471738,0.7516128822,0.25,0.0162,0.0068,0.4197530864,1.31857,193.9073529,Katlyn Betway
Atqasuk,70.45,157.4,30,None,195,2018,Poa arctica,POAARC,4,POAARC4,GRAM,4.5,1.021067974,0.4625788382,0.26,0.0109,0.0038,0.3486238532,0.72936,191.9368421,Katlyn Betway
Atqasuk,70.45,157.4,30,None,195,2018,Poa arctica,POAARC,5,POAARC5,GRAM,6.9,1.013125477,0.6698578144,0.28,0.0172,0.0059,0.3430232558,1.04834,177.6847458,Katlyn Betway
Atqasuk,70.45,157.4,30,None,195,2018,Poa arctica,POAARC,6,POAARC6,GRAM,9.8,1.016924256,0.7345904992,0.22,0.0132,0.0052,0.3939393939,0.91257,175.4942308,Katlyn Betway
Atqasuk,70.45,157.4,30,None,195,2018,Poa arctica,POAARC,7,POAARC7,GRAM,10.6,1.002221995,0.5899450759,0.28,0.0104,0.0042,0.4038461538,0.72743,173.197619,Katlyn Betway
Atqasuk,70.45,157.4,30,None,195,2018,Poa arctica,POAARC,8,POAARC8,GRAM,4.9,1.017525548,0.7354512859,0.22,0.0068,0.0018,0.2647058824,0.485,269.4444444,Katlyn Betway
Atqasuk,70.45,157.4,30,None,195,2018,Poa arctica,POAARC,9,POAARC9,GRAM,6.8,1.011637381,0.2685328936,0.2,0.0132,0.0062,0.4696969697,0.875,141.1290323,Katlyn Betway
Atqasuk,70.45,157.4,30,None,195,2018,Poa arctica,POAARC,10,POAARC10,GRAM,8.2,1.020506682,0.6964850763,0.28,0.0162,0.0065,0.4012345679,0.76489,117.6753846,Katlyn Betway
Atqasuk,70.45,157.4,30,None,192,2018,Salix pulchra,SALPUL,1,SALPUL1,DSHR,38.9,0.9746079762,0.6113305619,0.25,0.0075,0.0062,0.8266666667,0.91545,147.6532258,Katlyn Betway
Atqasuk,70.45,157.4,30,None,192,2018,Salix pulchra,SALPUL,2,SALPUL2,DSHR,17.4,0.9731613675,0.6000486278,0.13,0.0054,0.0042,0.7777777778,0.57965,138.0119048,Katlyn Betway
Atqasuk,70.45,157.4,30,None,192,2018,Salix pulchra,SALPUL,3,SALPUL3,DSHR,27,0.9705682583,0.7650055131,0.17,0.0102,0.0088,0.862745098,1.37595,156.3579545,Katlyn Betway
Atqasuk,70.45,157.4,30,None,192,2018,Salix pulchra,SALPUL,4,SALPUL4,DSHR,6,0.9731490847,0.7748026259,0.38,0.0127,0.0111,0.874015748,1.22515,110.3738739,Katlyn Betway
Atqasuk,70.45,157.4,30,None,192,2018,Salix pulchra,SALPUL,5,SALPUL5,DSHR,20.3,0.9734824368,0.7648931683,0.17,0.0078,0.0068,0.8717948718,0.72131,106.075,Katlyn Betway
Atqasuk,70.45,157.4,30,None,192,2018,Salix pulchra,SALPUL,6,SALPUL6,DSHR,17.6,0.9888748931,0.817891173,0.19,0.0128,0.0078,0.609375,0.91648,117.4974359,Katlyn Betway
Atqasuk,70.45,157.4,30,None,192,2018,Salix pulchra,SALPUL,7,SALPUL7,DSHR,11.7,0.9828946995,0.8078213408,0.21,0.0232,0.0155,0.6681034483,1.13548,73.25677419,Katlyn Betway
Atqasuk,70.45,157.4,30,None,192,2018,Salix pulchra,SALPUL,8,SALPUL8,DSHR,22.6,0.9725593745,0.7740940079,0.18,0.0036,0.0026,0.7222222222,0.31659,121.7653846,Katlyn Betway
Atqasuk,70.45,157.4,30,None,192,2018,Salix pulchra,SALPUL,9,SALPUL9,DSHR,29.4,0.970754572,0.8065415534,0.14,0.0086,0.0077,0.8953488372,1.11237,144.4636364,Katlyn Betway
Atqasuk,70.45,157.4,30,None,192,2018,Salix pulchra,SALPUL,10,SALPUL10,DSHR,12.7,0.9745452648,0.8058958386,0.19,0.0157,0.013,0.8280254777,1.65278,127.1369231,Katlyn Betway
Atqasuk,70.45,157.4,30,None,195,2018,Stellaria laeta,STELAE,1,STELAE1,FORB,6.7,0.9978729835,0.7242042504,0.24,0.0024,0.0019,0.7916666667,0.20631,108.5842105,Katlyn Betway
Atqasuk,70.45,157.4,30,None,195,2018,Stellaria laeta,STELAE,2,STELAE2,FORB,4.9,0.9835823865,0.6001768305,0.29,0.0011,0.0011,1,0.10693,97.20909091,Katlyn Betway
Atqasuk,70.45,157.4,30,None,195,2018,Stellaria laeta,STELAE,3,STELAE3,FORB,5.9,1.004163779,0.6983010149,0.39,0.0028,0.0016,0.5714285714,0.10024,62.65,Katlyn Betway
Atqasuk,70.45,157.4,30,None,195,2018,Stellaria laeta,STELAE,4,STELAE4,FORB,7.4,1.003872785,0.7280110112,0.26,0.0055,0.0029,0.5272727273,0.21094,72.73793103,Katlyn Betway
Atqasuk,70.45,157.4,30,None,195,2018,Stellaria laeta,STELAE,5,STELAE5,FORB,5.1,0.9952102786,0.7238088681,0.27,0.0029,0.0023,0.7931034483,0.18466,80.28695652,Katlyn Betway
Atqasuk,70.45,157.4,30,None,195,2018,Stellaria laeta,STELAE,6,STELAE6,FORB,4.5,0.9716415086,0.6317476379,0.19,0.0012,0.0009,0.75,0.18369,204.1,Katlyn Betway
Atqasuk,70.45,157.4,30,None,195,2018,Stellaria laeta,STELAE,7,STELAE7,FORB,6.3,0.972487755,0.5697566857,0.33,0.0014,0.001,0.7142857143,0.10498,104.98,Katlyn Betway
Atqasuk,70.45,157.4,30,None,195,2018,Stellaria laeta,STELAE,8,STELAE8,FORB,7.4,0.97788329,0.610598376,0.2,0.0019,0.0017,0.8947368421,0.20631,121.3588235,Katlyn Betway
Atqasuk,70.45,157.4,30,None,195,2018,Stellaria laeta,STELAE,9,STELAE9,FORB,7.3,0.975521102,0.5884250234,0.25,0.0031,0.0019,0.6129032258,0.15011,79.00526316,Katlyn Betway
Atqasuk,70.45,157.4,30,None,195,2018,Stellaria laeta,STELAE,10,STELAE10,FORB,5.1,0.9787851668,0.6297731741,0.52,0.0031,0.0028,0.9032258065,0.23734,84.76428571,Katlyn Betway
Atqasuk,70.45,157.4,30,None,194,2018,Vaccinium vitis-idaea,VACVIT,1,VACVIT1,ESHR,1.4,1.020508504,0.8605983333,0.39,0.0076,0.0045,0.5921052632,0.209,46.44444444,Katlyn Betway
Atqasuk,70.45,157.4,30,None,194,2018,Vaccinium vitis-idaea,VACVIT,2,VACVIT2,ESHR,3.4,1.027563104,0.8840451788,0.4,0.0178,0.0115,0.6460674157,0.62861,54.66173913,Katlyn Betway
Atqasuk,70.45,157.4,30,None,194,2018,Vaccinium vitis-idaea,VACVIT,3,VACVIT3,ESHR,2.1,1.047529209,0.9183663346,0.59,0.0297,0.0163,0.5488215488,0.60656,37.21226994,Katlyn Betway
Atqasuk,70.45,157.4,30,None,194,2018,Vaccinium vitis-idaea,VACVIT,4,VACVIT4,ESHR,2.5,1.02952298,0.8677658912,0.49,0.0129,0.0086,0.6666666667,0.29795,34.64534884,Katlyn Betway
Atqasuk,70.45,157.4,30,None,194,2018,Vaccinium vitis-idaea,VACVIT,5,VACVIT5,ESHR,2.2,1.024870251,0.8516655356,0.35,0.0133,0.0091,0.6842105263,0.38387,42.18351648,Katlyn Betway
Atqasuk,70.45,157.4,30,None,194,2018,Vaccinium vitis-idaea,VACVIT,6,VACVIT6,ESHR,3.6,1.022830308,0.8105420439,0.48,0.022,0.0148,0.6727272727,0.62588,42.28918919,Katlyn Betway
Atqasuk,70.45,157.4,30,None,194,2018,Vaccinium vitis-idaea,VACVIT,7,VACVIT7,ESHR,2.5,0.9206427307,0.7845768157,0.42,0.0193,0.0106,0.5492227979,0.58049,54.76320755,Katlyn Betway
Atqasuk,70.45,157.4,30,None,194,2018,Vaccinium vitis-idaea,VACVIT,8,VACVIT8,ESHR,1.8,1.035001996,0.8905013337,0.51,0.0113,0.0068,0.6017699115,0.29664,43.62352941,Katlyn Betway
Atqasuk,70.45,157.4,30,None,194,2018,Vaccinium vitis-idaea,VACVIT,9,VACVIT9,ESHR,2.6,1.035090658,0.8481632891,0.46,0.0164,0.0089,0.5426829268,0.49547,55.67078652,Katlyn Betway
Atqasuk,70.45,157.4,30,None,194,2018,Vaccinium vitis-idaea,VACVIT,10,VACVIT10,ESHR,1.2,1.026161426,0.8519491534,0.38,0.0135,0.0079,0.5851851852,0.37273,47.18101266,Katlyn Betway
Utqiagvik,71.31667,156.6,3,None,217,2018,Arctophila fulva,ARCFUL,1,ARCFUL1,GRAM,25.1,1.019468022,0.7526304779,0.49,0.0682,0.0399,0.5850439883,3.589644,89.96601504,Katlyn Betway
Utqiagvik,71.31667,156.6,3,None,217,2018,Arctophila fulva,ARCFUL,2,ARCFUL2,GRAM,28.9,1.021605613,0.7288977883,0.56,0.0809,0.0614,0.7589616811,3.40611,55.47410423,Katlyn Betway
Utqiagvik,71.31667,156.6,3,None,217,2018,Arctophila fulva,ARCFUL,3,ARCFUL3,GRAM,26.2,1.029667131,0.7404776028,0.52,0.1184,0.0717,0.6055743243,4.63479,64.64142259,Katlyn Betway
Utqiagvik,71.31667,156.6,3,None,217,2018,Arctophila fulva,ARCFUL,4,ARCFUL4,GRAM,23,1.018931664,0.7457478594,0.41,0.0919,0.0508,0.5527747552,3.79219,74.64940945,Katlyn Betway
Utqiagvik,71.31667,156.6,3,None,217,2018,Arctophila fulva,ARCFUL,5,ARCFUL5,GRAM,26.8,1.014062846,0.7491168207,0.35,0.063,0.0344,0.546031746,4.3031,125.0901163,Katlyn Betway
Utqiagvik,71.31667,156.6,3,None,217,2018,Arctophila fulva,ARCFUL,6,ARCFUL6,GRAM,22.7,1.019857721,0.7518845106,0.49,0.0535,0.0304,0.5682242991,2.31929,76.29243421,Katlyn Betway
Utqiagvik,71.31667,156.6,3,None,217,2018,Arctophila fulva,ARCFUL,7,ARCFUL7,GRAM,26.7,1.018829096,0.7115573286,0.4,0.07,0.0423,0.6042857143,3.74154,88.45248227,Katlyn Betway
Utqiagvik,71.31667,156.6,3,None,217,2018,Arctophila fulva,ARCFUL,8,ARCFUL8,GRAM,22.2,1.015562461,0.7423361168,0.4,0.0766,0.0334,0.4360313316,3.83645,114.8637725,Katlyn Betway
Utqiagvik,71.31667,156.6,3,None,217,2018,Arctophila fulva,ARCFUL,9,ARCFUL9,GRAM,25.1,1.012540569,0.7590278422,0.42,0.0597,0.0397,0.6649916248,2.99009,75.31712846,Katlyn Betway
Utqiagvik,71.31667,156.6,3,None,217,2018,Arctophila fulva,ARCFUL,10,ARCFUL10,GRAM,22.4,1.019609617,0.708228811,0.55,0.1667,0.0677,0.4061187762,5.34934,79.01536189,Katlyn Betway
Utqiagvik,71.31667,156.6,3,None,201,2018,Carex aquatilis,CARAQU,1,CARAQU1,GRAM,17.1,1.007336684,0.7802856119,0.22,0.0405,0.0207,0.5111111111,2.68303,129.6149758,Katlyn Betway
Utqiagvik,71.31667,156.6,3,None,201,2018,Carex aquatilis,CARAQU,2,CARAQU2,GRAM,18,1.010495334,0.7904190226,0.21,0.054,0.024,0.4444444444,2.04502,85.20916667,Katlyn Betway
Utqiagvik,71.31667,156.6,3,None,201,2018,Carex aquatilis,CARAQU,3,CARAQU3,GRAM,10.1,1.016424149,0.7019632056,0.22,0.0311,0.0126,0.4051446945,2.63862,209.4142857,Katlyn Betway
Utqiagvik,71.31667,156.6,3,None,201,2018,Carex aquatilis,CARAQU,4,CARAQU4,GRAM,14.2,1.012497233,0.6896516161,0.28,0.0347,0.0139,0.4005763689,1.96402,141.2964029,Katlyn Betway
Utqiagvik,71.31667,156.6,3,None,201,2018,Carex aquatilis,CARAQU,5,CARAQU5,GRAM,15.2,1.017252951,0.6062676903,0.28,0.0394,0.0181,0.4593908629,1.73028,95.59558011,Katlyn Betway
Utqiagvik,71.31667,156.6,3,None,201,2018,Carex aquatilis,CARAQU,6,CARAQU6,GRAM,14.6,1.010894094,0.6930942457,0.26,0.0438,0.0203,0.4634703196,1.47335,72.57881773,Katlyn Betway
Utqiagvik,71.31667,156.6,3,None,201,2018,Carex aquatilis,CARAQU,7,CARAQU7,GRAM,11.3,1.006479223,0.7162994223,0.24,0.0235,0.0114,0.485106383,1.74941,153.4570175,Katlyn Betway
Utqiagvik,71.31667,156.6,3,None,201,2018,Carex aquatilis,CARAQU,8,CARAQU8,GRAM,15.2,1.007259275,0.6871560909,0.27,0.0288,0.0161,0.5590277778,1.17255,72.82919255,Katlyn Betway
Utqiagvik,71.31667,156.6,3,None,201,2018,Carex aquatilis,CARAQU,9,CARAQU9,GRAM,11.2,0.9976861373,0.7422386834,0.28,0.0288,0.014,0.4861111111,1.63599,116.8564286,Katlyn Betway
Utqiagvik,71.31667,156.6,3,None,201,2018,Carex aquatilis,CARAQU,10,CARAQU10,GRAM,9.3,1.006690678,0.7547658322,0.3,0.0115,0.0046,0.4,0.55944,121.6173913,Katlyn Betway
Utqiagvik,71.31667,156.6,3,None,202,2018,Cassiope tetragona,CASTET,1,CASTET1,ESHR,4.5,1.026984867,0.7559456202,1.59,0.0564,0.0324,0.5744680851,0.9336,28.81481481,Katlyn Betway
Utqiagvik,71.31667,156.6,3,None,202,2018,Cassiope tetragona,CASTET,2,CASTET2,ESHR,5.5,1.028243902,0.8208907955,1.21,0.0553,0.0328,0.5931283906,0.83266,25.38597561,Katlyn Betway
Utqiagvik,71.31667,156.6,3,None,202,2018,Cassiope tetragona,CASTET,3,CASTET3,ESHR,6.4,1.028539641,0.7845030326,1.34,0.0605,0.0331,0.547107438,0.91604,27.67492447,Katlyn Betway
Utqiagvik,71.31667,156.6,3,None,202,2018,Cassiope tetragona,CASTET,4,CASTET4,ESHR,5.1,1.007274363,0.891360711,1.31,0.088,0.0511,0.5806818182,1.27452,24.94168297,Katlyn Betway
Utqiagvik,71.31667,156.6,3,None,202,2018,Cassiope tetragona,CASTET,5,CASTET5,ESHR,5.8,1.012012923,0.5987927223,1.59,0.1455,0.0814,0.5594501718,1.88489,23.15589681,Katlyn Betway
Utqiagvik,71.31667,156.6,3,None,202,2018,Cassiope tetragona,CASTET,6,CASTET6,ESHR,7.2,1.001574573,0.7375644548,1.61,0.1082,0.0636,0.5878003697,1.73842,27.3336478,Katlyn Betway
Utqiagvik,71.31667,156.6,3,None,202,2018,Cassiope tetragona,CASTET,7,CASTET7,ESHR,4.9,0.9955359573,0.7579806276,1.46,0.1044,0.0598,0.5727969349,1.859,31.08695652,Katlyn Betway
Utqiagvik,71.31667,156.6,3,None,202,2018,Cassiope tetragona,CASTET,8,CASTET8,ESHR,5,1.015399664,0.7826698917,1.4,0.0726,0.0413,0.5688705234,1.2803,31,Katlyn Betway
Utqiagvik,71.31667,156.6,3,None,202,2018,Cassiope tetragona,CASTET,9,CASTET9,ESHR,3.9,1.006133259,0.8836785242,1.42,0.0656,0.0382,0.5823170732,0.91087,23.8447644,Katlyn Betway
Utqiagvik,71.31667,156.6,3,None,202,2018,Cassiope tetragona,CASTET,10,CASTET10,ESHR,6.6,1.012883692,0.7727710793,1.7,0.147,0.0824,0.5605442177,2.17344,26.37669903,Katlyn Betway
Utqiagvik,71.31667,156.6,3,None,200,2018,Eriophorum angustifolium,ERIANG,1,ERIANG1,GRAM,6.7,1.019687213,0.8089498246,0.58,0.0641,0.0169,0.263650546,1.03576,61.28757396,Katlyn Betway
Utqiagvik,71.31667,156.6,3,None,200,2018,Eriophorum angustifolium,ERIANG,2,ERIANG2,GRAM,6.3,1.019613051,0.8451228465,0.71,0.0626,0.0195,0.3115015974,1.10134,56.47897436,Katlyn Betway
Utqiagvik,71.31667,156.6,3,None,200,2018,Eriophorum angustifolium,ERIANG,3,ERIANG3,GRAM,6.2,1.02165147,0.8689348287,0.49,0.0535,0.0201,0.3757009346,1.19344,59.37512438,Katlyn Betway
Utqiagvik,71.31667,156.6,3,None,200,2018,Eriophorum angustifolium,ERIANG,4,ERIANG4,GRAM,7.2,1.012293843,0.9074195861,0.62,0.0473,0.0215,0.4545454545,1.60591,74.69348837,Katlyn Betway
Utqiagvik,71.31667,156.6,3,None,200,2018,Eriophorum angustifolium,ERIANG,5,ERIANG5,GRAM,4.1,1.014078936,0.8845109427,0.49,0.0371,0.0138,0.371967655,0.89796,65.06956522,Katlyn Betway
Utqiagvik,71.31667,156.6,3,None,200,2018,Eriophorum angustifolium,ERIANG,6,ERIANG6,GRAM,6.4,1.018782243,0.866497108,0.76,0.0778,0.0212,0.2724935733,1.05941,49.97216981,Katlyn Betway
Utqiagvik,71.31667,156.6,3,None,200,2018,Eriophorum angustifolium,ERIANG,7,ERIANG7,GRAM,5.1,1.008905507,0.8340402792,0.69,0.0225,0.0111,0.4933333333,1.1225,101.1261261,Katlyn Betway
Utqiagvik,71.31667,156.6,3,None,200,2018,Eriophorum angustifolium,ERIANG,8,ERIANG8,GRAM,14.7,1.012878494,0.9213663977,0.71,0.0908,0.0317,0.3491189427,2.28524,72.08958991,Katlyn Betway
Utqiagvik,71.31667,156.6,3,None,200,2018,Eriophorum angustifolium,ERIANG,9,ERIANG9,GRAM,6.9,1.015743832,0.7373481856,0.51,0.0633,0.0213,0.336492891,0.84328,39.59061033,Katlyn Betway
Utqiagvik,71.31667,156.6,3,None,200,2018,Eriophorum angustifolium,ERIANG,10,ERIANG10,GRAM,5.3,1.011586615,0.8413375277,0.56,0.0326,0.0242,0.7423312883,1.14469,47.30123967,Katlyn Betway
Utqiagvik,71.31667,156.6,3,None,207,2018,Eriophorum russeolum,ERIRUS,1,ERIRUS1,GRAM,9.1,0.9849543577,0.6967760984,0.8,0.0104,0.0023,0.2211538462,0.72723,316.1869565,Katlyn Betway
Utqiagvik,71.31667,156.6,3,None,207,2018,Eriophorum russeolum,ERIRUS,2,ERIRUS2,GRAM,11.2,1.00674767,0.7968851075,1.22,0.0282,0.0096,0.3404255319,1.30093,135.5135417,Katlyn Betway
Utqiagvik,71.31667,156.6,3,None,207,2018,Eriophorum russeolum,ERIRUS,3,ERIRUS3,GRAM,16.3,1.007741918,0.8086725177,1.05,0.0473,0.0147,0.310782241,2.41371,164.1979592,Katlyn Betway
Utqiagvik,71.31667,156.6,3,None,207,2018,Eriophorum russeolum,ERIRUS,4,ERIRUS4,GRAM,14.5,1.008071147,0.8732085054,1.09,0.0262,0.0133,0.5076335878,1.68031,126.3390977,Katlyn Betway
Utqiagvik,71.31667,156.6,3,None,207,2018,Eriophorum russeolum,ERIRUS,5,ERIRUS5,GRAM,12,1.005293496,0.8603048598,0.88,0.0347,0.0096,0.2766570605,1.65114,171.99375,Katlyn Betway
Utqiagvik,71.31667,156.6,3,None,207,2018,Eriophorum russeolum,ERIRUS,6,ERIRUS6,GRAM,11.9,1.012534532,0.8792905747,0.89,0.0346,0.0116,0.3352601156,1.49005,128.4525862,Katlyn Betway
Utqiagvik,71.31667,156.6,3,None,207,2018,Eriophorum russeolum,ERIRUS,7,ERIRUS7,GRAM,11.4,1.00560454,0.8443499704,0.92,0.0301,0.014,0.4651162791,1.7584,125.6,Katlyn Betway
Utqiagvik,71.31667,156.6,3,None,207,2018,Eriophorum russeolum,ERIRUS,8,ERIRUS8,GRAM,9.1,1.002769085,0.8651564558,1,0.0286,0.0138,0.4825174825,2.11365,153.1630435,Katlyn Betway
Utqiagvik,71.31667,156.6,3,None,207,2018,Eriophorum russeolum,ERIRUS,9,ERIRUS9,GRAM,17.6,1.007775882,0.8332475291,1.2,0.0546,0.0215,0.3937728938,3.04369,141.5669767,Katlyn Betway
Utqiagvik,71.31667,156.6,3,None,207,2018,Eriophorum russeolum,ERIRUS,10,ERIRUS10,GRAM,10.8,0.9988289346,0.8872207372,0.9,0.0165,0.0093,0.5636363636,1.15061,123.7215054,Katlyn Betway
Utqiagvik,71.31667,156.6,3,None,204,2018,Eriophorum vaginatum,ERIVAG,1,ERIVAG1,GRAM,10.5,1.010800883,0.8123055585,0.61,0.0135,0.0056,0.4148148148,1.3224,236.1428571,Katlyn Betway
Utqiagvik,71.31667,156.6,3,None,204,2018,Eriophorum vaginatum,ERIVAG,2,ERIVAG2,GRAM,10.8,1.017132109,0.8858708935,0.86,0.0347,0.0103,0.2968299712,1.6135,156.6504854,Katlyn Betway
Utqiagvik,71.31667,156.6,3,None,204,2018,Eriophorum vaginatum,ERIVAG,3,ERIVAG3,GRAM,12.6,1.014585963,0.8935267043,0.93,0.0365,0.0119,0.3260273973,2.5283,212.4621849,Katlyn Betway
Utqiagvik,71.31667,156.6,3,None,204,2018,Eriophorum vaginatum,ERIVAG,4,ERIVAG4,GRAM,10.7,1.017587556,0.8859862414,1.09,0.0422,0.0142,0.336492891,1.3939,98.16197183,Katlyn Betway
Utqiagvik,71.31667,156.6,3,None,204,2018,Eriophorum vaginatum,ERIVAG,5,ERIVAG5,GRAM,10.1,1.012872203,0.8549289066,1.03,0.0128,0.0067,0.5234375,0.5817,86.82089552,Katlyn Betway
Utqiagvik,71.31667,156.6,3,None,204,2018,Eriophorum vaginatum,ERIVAG,6,ERIVAG6,GRAM,10.6,1.007831809,0.8032701118,1,0.0201,0.0064,0.3184079602,1.1804,184.4375,Katlyn Betway
Utqiagvik,71.31667,156.6,3,None,204,2018,Eriophorum vaginatum,ERIVAG,7,ERIVAG7,GRAM,11.7,1.013473843,0.9268525137,0.89,0.0193,0.0082,0.4248704663,1.23763,150.9304878,Katlyn Betway
Utqiagvik,71.31667,156.6,3,None,204,2018,Eriophorum vaginatum,ERIVAG,8,ERIVAG8,GRAM,10.8,1.005159074,0.7725387464,1.03,0.028,0.0114,0.4071428571,1.90952,167.5017544,Katlyn Betway
Utqiagvik,71.31667,156.6,3,None,204,2018,Eriophorum vaginatum,ERIVAG,9,ERIVAG9,GRAM,10.1,1.005931898,0.7918054115,1.12,0.0269,0.0076,0.282527881,1.46335,192.5460526,Katlyn Betway
Utqiagvik,71.31667,156.6,3,None,204,2018,Eriophorum vaginatum,ERIVAG,10,ERIVAG10,GRAM,7.4,1.010355464,0.8689405489,1.13,0.0367,0.0108,0.2942779292,1.13849,105.4157407,Katlyn Betway
Utqiagvik,71.31667,156.6,3,None,201,2018,Luzula confusa,LUZCON,1,LUZCON1,GRAM,4.9,1.013000803,0.8028094639,0.35,0.0126,0.0056,0.4444444444,0.98005,175.0089286,Katlyn Betway
Utqiagvik,71.31667,156.6,3,None,201,2018,Luzula confusa,LUZCON,2,LUZCON2,GRAM,5.9,1.01619195,0.879939377,0.32,0.0095,0.0067,0.7052631579,1.07616,160.6208955,Katlyn Betway
Utqiagvik,71.31667,156.6,3,None,201,2018,Luzula confusa,LUZCON,3,LUZCON3,GRAM,4.5,1.018252221,0.8541917411,0.23,0.0168,0.0071,0.4226190476,0.5916,83.32394366,Katlyn Betway
Utqiagvik,71.31667,156.6,3,None,201,2018,Luzula confusa,LUZCON,4,LUZCON4,GRAM,5.6,1.007249646,0.7968130074,0.36,0.0175,0.0076,0.4342857143,1.34889,177.4855263,Katlyn Betway
Utqiagvik,71.31667,156.6,3,None,201,2018,Luzula confusa,LUZCON,5,LUZCON5,GRAM,4.7,1.01551819,0.7675341703,0.31,0.0137,0.0061,0.4452554745,0.52021,85.28032787,Katlyn Betway
Utqiagvik,71.31667,156.6,3,None,201,2018,Luzula confusa,LUZCON,6,LUZCON6,GRAM,6.1,1.021760653,0.8239535877,0.24,0.0245,0.0097,0.3959183673,1.72712,178.0536082,Katlyn Betway
Utqiagvik,71.31667,156.6,3,None,201,2018,Luzula confusa,LUZCON,7,LUZCON7,GRAM,5,1.017958547,0.7585292909,0.28,0.0139,0.0057,0.4100719424,1.08384,190.1473684,Katlyn Betway
Utqiagvik,71.31667,156.6,3,None,201,2018,Luzula confusa,LUZCON,8,LUZCON8,GRAM,6.2,1.01283674,0.8283009447,0.36,0.0195,0.0105,0.5384615385,0.77282,73.60190476,Katlyn Betway
Utqiagvik,71.31667,156.6,3,None,201,2018,Luzula confusa,LUZCON,9,LUZCON9,GRAM,7.2,1.014901627,0.8150335477,0.31,0.0134,0.0058,0.4328358209,1.27767,220.287931,Katlyn Betway
Utqiagvik,71.31667,156.6,3,None,201,2018,Luzula confusa,LUZCON,10,LUZCON10,GRAM,7.1,1.017266453,0.8979096991,0.26,0.0145,0.0049,0.3379310345,0.82154,167.6612245,Katlyn Betway
Utqiagvik,71.31667,156.6,3,None,202,2018,Pedicularis lanata,PEDLAN,1,PEDLAN1,FORB,3.1,1.0103049,0.7450822644,0.4,0.0355,0.0155,0.4366197183,1.09996,70.96516129,Katlyn Betway
Utqiagvik,71.31667,156.6,3,None,202,2018,Pedicularis lanata,PEDLAN,2,PEDLAN2,FORB,3.3,1.001217732,0.6697690099,0.32,0.0286,0.0118,0.4125874126,1.09537,92.8279661,Katlyn Betway
Utqiagvik,71.31667,156.6,3,None,202,2018,Pedicularis lanata,PEDLAN,3,PEDLAN3,FORB,2.7,1.02091747,0.7510130361,0.1,0.039,0.0143,0.3666666667,0.79156,55.35384615,Katlyn Betway
Utqiagvik,71.31667,156.6,3,None,202,2018,Pedicularis lanata,PEDLAN,4,PEDLAN4,FORB,2.5,1.010416087,0.848999126,0.28,0.0165,0.007,0.4242424242,0.52152,74.50285714,Katlyn Betway
Utqiagvik,71.31667,156.6,3,None,202,2018,Pedicularis lanata,PEDLAN,5,PEDLAN5,FORB,2.6,1.010993474,0.6126893201,0.38,0.0667,0.0285,0.4272863568,1.36639,47.94350877,Katlyn Betway
Utqiagvik,71.31667,156.6,3,None,202,2018,Pedicularis lanata,PEDLAN,6,PEDLAN6,FORB,3.9,1.009559765,0.6605543608,0.42,0.0409,0.0186,0.4547677262,1.19735,64.37365591,Katlyn Betway
Utqiagvik,71.31667,156.6,3,None,202,2018,Pedicularis lanata,PEDLAN,7,PEDLAN7,FORB,3.2,1.009704187,0.7149889219,0.38,0.0172,0.0072,0.4186046512,0.49726,69.06388889,Katlyn Betway
Utqiagvik,71.31667,156.6,3,None,202,2018,Pedicularis lanata,PEDLAN,8,PEDLAN8,FORB,3.2,1.013229525,0.7791531539,0.32,0.0406,0.0173,0.4261083744,1.12021,64.75202312,Katlyn Betway
Utqiagvik,71.31667,156.6,3,None,202,2018,Pedicularis lanata,PEDLAN,9,PEDLAN9,FORB,3.6,0.9913123544,0.6513546947,0.28,0.0431,0.0178,0.4129930394,1.07012,60.11910112,Katlyn Betway
Utqiagvik,71.31667,156.6,3,None,202,2018,Pedicularis lanata,PEDLAN,10,PEDLAN10,FORB,3.3,1.011694374,0.6761280266,0.23,0.0552,0.0177,0.3206521739,1.18973,67.21638418,Katlyn Betway
Utqiagvik,71.31667,156.6,3,None,201,2018,Petasites frigidus,PETFRI,1,PETFRI1,FORB,3.5,1.040301038,0.927905674,0.71,0.2783,0.0491,0.1764283148,7.45519,151.8368635,Katlyn Betway
Utqiagvik,71.31667,156.6,3,None,201,2018,Petasites frigidus,PETFRI,2,PETFRI2,FORB,3.1,1.045944859,0.893730011,0.69,0.2784,0.0555,0.1993534483,8.69891,156.7371171,Katlyn Betway
Utqiagvik,71.31667,156.6,3,None,201,2018,Petasites frigidus,PETFRI,3,PETFRI3,FORB,5.7,1.046877333,0.8324829417,0.7,0.4232,0.0786,0.1857277883,10.04498,127.7987277,Katlyn Betway
Utqiagvik,71.31667,156.6,3,None,201,2018,Petasites frigidus,PETFRI,4,PETFRI4,FORB,4,1.033196855,0.8760471542,0.58,0.2833,0.0549,0.1937875044,8.73416,159.0921676,Katlyn Betway
Utqiagvik,71.31667,156.6,3,None,201,2018,Petasites frigidus,PETFRI,5,PETFRI5,FORB,4.1,1.030970618,0.8929342848,0.67,0.1307,0.0318,0.2433052793,4.72303,148.522956,Katlyn Betway
Utqiagvik,71.31667,156.6,3,None,201,2018,Petasites frigidus,PETFRI,6,PETFRI6,FORB,3.8,1.042586135,0.9166926584,0.91,0.3512,0.0735,0.2092824601,8.62045,117.285034,Katlyn Betway
Utqiagvik,71.31667,156.6,3,None,201,2018,Petasites frigidus,PETFRI,7,PETFRI7,FORB,5.8,1.033423049,0.8683017238,0.49,0.4428,0.0916,0.206865402,12.17113,132.8725983,Katlyn Betway
Utqiagvik,71.31667,156.6,3,None,201,2018,Petasites frigidus,PETFRI,8,PETFRI8,FORB,3.3,1.039175301,0.8531870459,0.63,0.3585,0.0715,0.1994421199,9.3216,130.372028,Katlyn Betway
Utqiagvik,71.31667,156.6,3,None,201,2018,Petasites frigidus,PETFRI,9,PETFRI9,FORB,4.5,1.01826873,0.8476794196,0.67,0.4603,0.0874,0.1898761677,13.38579,153.155492,Katlyn Betway
Utqiagvik,71.31667,156.6,3,None,201,2018,Petasites frigidus,PETFRI,10,PETFRI10,FORB,2.1,1.040401895,0.8479346022,1,0.535,0.1032,0.1928971963,14.05498,136.1916667,Katlyn Betway
Utqiagvik,71.31667,156.6,3,None,217,2018,Poa arctica,POAARC,1,POAARC1,GRAM,3.9,0.999393599,0.8411937854,0.49,0.0016,0.0017,1.0625,0.26886,158.1529412,Katlyn Betway
Utqiagvik,71.31667,156.6,3,None,217,2018,Poa arctica,POAARC,2,POAARC2,GRAM,6.5,0.94308609,0.654677325,0.53,0.0028,0.0025,0.8928571429,0.45349,181.396,Katlyn Betway
Utqiagvik,71.31667,156.6,3,None,217,2018,Poa arctica,POAARC,3,POAARC3,GRAM,4.1,0.9314510289,0.6202313347,0.28,0.0038,0.0034,0.8947368421,0.62398,183.5235294,Katlyn Betway
Utqiagvik,71.31667,156.6,3,None,217,2018,Poa arctica,POAARC,4,POAARC4,GRAM,5.3,0.9412545726,0.6162703871,0.48,0.003,0.003,1,0.46551,155.17,Katlyn Betway
Utqiagvik,71.31667,156.6,3,None,217,2018,Poa arctica,POAARC,5,POAARC5,GRAM,4.4,0.9276323154,0.5285332545,0.59,0.0027,0.0021,0.7777777778,0.28698,136.6571429,Katlyn Betway
Utqiagvik,71.31667,156.6,3,None,217,2018,Poa arctica,POAARC,6,POAARC6,GRAM,4.6,0.8904606736,0.4981327484,0.41,0.0027,0.0026,0.962962963,0.46884,180.3230769,Katlyn Betway
Utqiagvik,71.31667,156.6,3,None,217,2018,Poa arctica,POAARC,7,POAARC7,GRAM,4,0.9731368964,0.788184043,0.3,0.0028,0.003,1.071428571,0.35133,117.11,Katlyn Betway
Utqiagvik,71.31667,156.6,3,None,217,2018,Poa arctica,POAARC,8,POAARC8,GRAM,4.5,0.9609870543,0.6527053563,0.41,0.0026,0.0027,1.038461538,0.23558,87.25185185,Katlyn Betway
Utqiagvik,71.31667,156.6,3,None,217,2018,Poa arctica,POAARC,9,POAARC9,GRAM,3.9,0.8561946407,0.2520228075,0.49,0.0037,0.0033,0.8918918919,0.36612,110.9454545,Katlyn Betway
Utqiagvik,71.31667,156.6,3,None,217,2018,Poa arctica,POAARC,10,POAARC10,GRAM,5.1,0.9240095049,0.4926312303,0.27,0.0027,0.0019,0.7037037037,0.29798,156.8315789,Katlyn Betway
Utqiagvik,71.31667,156.6,3,None,217,2018,Salix pulchra,SALPUL,1,SALPUL1,DSHR,19.8,1.016668821,0.9500454556,0.23,0.0244,0.0181,0.7418032787,2.34371,129.4867403,Katlyn Betway
Utqiagvik,71.31667,156.6,3,None,217,2018,Salix pulchra,SALPUL,2,SALPUL2,DSHR,12.9,1.009633817,0.9406173005,0.29,0.0183,0.0159,0.868852459,2.09307,131.6396226,Katlyn Betway
Utqiagvik,71.31667,156.6,3,None,217,2018,Salix pulchra,SALPUL,3,SALPUL3,DSHR,14.6,1.003326946,0.9301625547,0.28,0.0108,0.0088,0.8148148148,1.23096,139.8818182,Katlyn Betway
Utqiagvik,71.31667,156.6,3,None,217,2018,Salix pulchra,SALPUL,4,SALPUL4,DSHR,15.8,1.013575036,0.9430464571,0.31,0.0318,0.0264,0.8301886792,2.79477,105.8625,Katlyn Betway
Utqiagvik,71.31667,156.6,3,None,217,2018,Salix pulchra,SALPUL,5,SALPUL5,DSHR,21.8,1.014895843,0.9414596658,0.35,0.0205,0.0172,0.8390243902,2.08136,121.0093023,Katlyn Betway
Utqiagvik,71.31667,156.6,3,None,217,2018,Salix pulchra,SALPUL,6,SALPUL6,DSHR,16.5,1.010881055,0.9454472926,0.24,0.0219,0.0181,0.8264840183,2.64027,145.8712707,Katlyn Betway
Utqiagvik,71.31667,156.6,3,None,217,2018,Salix pulchra,SALPUL,7,SALPUL7,DSHR,10.2,1.015987779,0.9496880711,0.22,0.015,0.0116,0.7733333333,1.36995,118.0991379,Katlyn Betway
Utqiagvik,71.31667,156.6,3,None,217,2018,Salix pulchra,SALPUL,8,SALPUL8,DSHR,13.1,1.01352746,0.9501709469,0.3,0.0139,0.0114,0.8201438849,1.31887,115.6903509,Katlyn Betway
Utqiagvik,71.31667,156.6,3,None,217,2018,Salix pulchra,SALPUL,9,SALPUL9,DSHR,12.1,1.010987515,0.9532548922,0.32,0.0155,0.0119,0.7677419355,1.52244,127.9361345,Katlyn Betway
Utqiagvik,71.31667,156.6,3,None,217,2018,Salix pulchra,SALPUL,10,SALPUL10,DSHR,20,1.012012486,0.9587916183,0.31,0.0203,0.0171,0.842364532,2.14056,125.1789474,Katlyn Betway
Utqiagvik,71.31667,156.6,3,None,217,2018,Stellaria laeta,STELAE,1,STELAE1,FORB,5.7,0.9961783385,0.8657180682,0.33,0.0001,0.0003,3,0.19349,644.9666667,Katlyn Betway
Utqiagvik,71.31667,156.6,3,None,217,2018,Stellaria laeta,STELAE,2,STELAE2,FORB,5.2,0.9783269442,0.6174680942,0.43,0.0007,0.0004,0.5714285714,0.16823,420.575,Katlyn Betway
Utqiagvik,71.31667,156.6,3,None,217,2018,Stellaria laeta,STELAE,3,STELAE3,FORB,6.1,1.008787992,0.8138564079,0.39,0.0014,0.0014,1,0.34087,243.4785714,Katlyn Betway
Utqiagvik,71.31667,156.6,3,None,217,2018,Stellaria laeta,STELAE,4,STELAE4,FORB,4.1,0.9902296366,0.7286255404,0.47,0.0006,0.001,1.666666667,0.39499,394.99,Katlyn Betway
Utqiagvik,71.31667,156.6,3,None,217,2018,Stellaria laeta,STELAE,5,STELAE5,FORB,4.2,1.006156395,0.8636684661,0.41,0.0013,0.0008,0.6153846154,0.22297,278.7125,Katlyn Betway
Utqiagvik,71.31667,156.6,3,None,217,2018,Stellaria laeta,STELAE,6,STELAE6,FORB,3.7,0.9872719997,0.7301435545,0.38,0.0001,0.0002,2,0.21116,1055.8,Katlyn Betway
Utqiagvik,71.31667,156.6,3,None,217,2018,Stellaria laeta,STELAE,7,STELAE7,FORB,5.9,1.001809117,0.8366549563,0.32,0.0002,0.0001,0.5,0.11462,1146.2,Katlyn Betway
Utqiagvik,71.31667,156.6,3,None,217,2018,Stellaria laeta,STELAE,8,STELAE8,FORB,3.5,1.000717605,0.8704953005,0.29,0.0009,0.001,1.111111111,0.1293,129.3,Katlyn Betway
Utqiagvik,71.31667,156.6,3,None,217,2018,Stellaria laeta,STELAE,9,STELAE9,FORB,6.3,0.997043944,0.8716368294,0.4,0.0004,0.0001,0.25,0.20828,2082.8,Katlyn Betway
Utqiagvik,71.31667,156.6,3,None,217,2018,Stellaria laeta,STELAE,10,STELAE10,FORB,5.7,0.9599867469,0.5354366299,0.32,0.0004,0.0006,1.5,0.12961,216.0166667,Katlyn Betway
Utqiagvik,71.31667,156.6,3,None,202,2018,Vaccinium vitis-idaea,VACVIT,1,VACVIT1,ESHR,1.2,0.9765910289,0.8082134219,0.35,0.0038,0.0021,0.5526315789,0.16183,77.06190476,Katlyn Betway
Utqiagvik,71.31667,156.6,3,None,202,2018,Vaccinium vitis-idaea,VACVIT,2,VACVIT2,ESHR,1.1,1.00990701,0.8026427001,0.41,0.009,0.0051,0.5666666667,0.27198,53.32941176,Katlyn Betway
Utqiagvik,71.31667,156.6,3,None,202,2018,Vaccinium vitis-idaea,VACVIT,3,VACVIT3,ESHR,0.9,1.009154984,0.8527841252,0.4,0.0064,0.0028,0.4375,0.1998,71.35714286,Katlyn Betway
Utqiagvik,71.31667,156.6,3,None,202,2018,Vaccinium vitis-idaea,VACVIT,4,VACVIT4,ESHR,1.8,1.009357249,0.8602570472,0.31,0.0052,0.0029,0.5576923077,0.16535,57.01724138,Katlyn Betway
Utqiagvik,71.31667,156.6,3,None,202,2018,Vaccinium vitis-idaea,VACVIT,5,VACVIT5,ESHR,1.7,0.9989642411,0.7680991229,0.42,0.0169,0.0093,0.550295858,0.44329,47.6655914,Katlyn Betway
Utqiagvik,71.31667,156.6,3,None,202,2018,Vaccinium vitis-idaea,VACVIT,6,VACVIT6,ESHR,1.9,1.009486843,0.8377051305,0.41,0.0097,0.0054,0.5567010309,0.28356,52.51111111,Katlyn Betway
Utqiagvik,71.31667,156.6,3,None,202,2018,Vaccinium vitis-idaea,VACVIT,7,VACVIT7,ESHR,2.2,1.016735263,0.7238412531,0.43,0.0148,0.0075,0.5067567568,0.32658,43.544,Katlyn Betway
Utqiagvik,71.31667,156.6,3,None,202,2018,Vaccinium vitis-idaea,VACVIT,8,VACVIT8,ESHR,1.8,1.012763165,0.8352817742,0.41,0.0085,0.0037,0.4352941176,0.28117,75.99189189,Katlyn Betway
Utqiagvik,71.31667,156.6,3,None,202,2018,Vaccinium vitis-idaea,VACVIT,9,VACVIT9,ESHR,2.7,1.004384523,0.822573815,0.41,0.0047,0.0028,0.5957446809,0.16524,59.01428571,Katlyn Betway
Utqiagvik,71.31667,156.6,3,None,202,2018,Vaccinium vitis-idaea,VACVIT,10,VACVIT10,ESHR,1.1,1.009571307,0.7892960666,0.4,0.0163,0.0086,0.527607362,0.39487,45.91511628,Katlyn Betway
Toolik Lake,68.61667,149.5833,740,None,231,2018,Arctophila fulva,ARCFUL,1,ARCFUL1,GRAM,53.2,1.028991392,0.7538496955,0.29,0.087,0.038,0.4367816092,5.15009,135.5286842,Katlyn Betway
Toolik Lake,68.61667,149.5833,740,None,231,2018,Arctophila fulva,ARCFUL,2,ARCFUL2,GRAM,63.4,1.026018883,0.6866988578,0.27,0.213,0.076,0.3568075117,10.48485,137.9585526,Katlyn Betway
Toolik Lake,68.61667,149.5833,740,None,231,2018,Arctophila fulva,ARCFUL,3,ARCFUL3,GRAM,46.5,1.032499895,0.7492747756,0.23,0.086,0.027,0.3139534884,5.46965,202.5796296,Katlyn Betway
Toolik Lake,68.61667,149.5833,740,None,231,2018,Arctophila fulva,ARCFUL,4,ARCFUL4,GRAM,42.1,1.02253901,0.6619805011,0.31,0.123,0.056,0.4552845528,7.25019,129.4676786,Katlyn Betway
Toolik Lake,68.61667,149.5833,740,None,231,2018,Arctophila fulva,ARCFUL,5,ARCFUL5,GRAM,67.8,1.01998055,0.6727308033,0.19,0.046,0.017,0.3695652174,3.94219,231.8935294,Katlyn Betway
Toolik Lake,68.61667,149.5833,740,None,231,2018,Arctophila fulva,ARCFUL,6,ARCFUL6,GRAM,40.7,1.024704392,0.6767315092,0.36,0.303,0.119,0.3927392739,15.07431,126.6748739,Katlyn Betway
Toolik Lake,68.61667,149.5833,740,None,231,2018,Arctophila fulva,ARCFUL,7,ARCFUL7,GRAM,67.2,1.027917765,0.6953838903,0.31,0.206,0.08,0.3883495146,9.15937,114.492125,Katlyn Betway
Toolik Lake,68.61667,149.5833,740,None,231,2018,Arctophila fulva,ARCFUL,8,ARCFUL8,GRAM,69.1,1.020437536,0.7119931211,0.34,0.167,0.071,0.4251497006,8.76225,123.4119718,Katlyn Betway
Toolik Lake,68.61667,149.5833,740,None,231,2018,Arctophila fulva,ARCFUL,9,ARCFUL9,GRAM,52.4,1.0154193,0.7396095457,0.33,0.128,0.05,0.390625,7.04593,140.9186,Katlyn Betway
Toolik Lake,68.61667,149.5833,740,None,231,2018,Arctophila fulva,ARCFUL,10,ARCFUL10,GRAM,58.4,1.012464855,0.7149533476,0.24,0.124,0.042,0.3387096774,7.00021,166.6716667,Katlyn Betway
Toolik Lake,68.61667,149.5833,740,None,181,2018,Betula nana,BETNAN,1,BETNAN1,DSHR,8.5,1.043927497,0.9140264588,0.2,0.014,0.0075,0.5357142857,1.09249,145.6653333,Katlyn Betway
Toolik Lake,68.61667,149.5833,740,None,181,2018,Betula nana,BETNAN,2,BETNAN2,DSHR,13.5,1.030577457,0.9015988425,0.2,0.013,0.0079,0.6076923077,1.05353,133.3582278,Katlyn Betway
Toolik Lake,68.61667,149.5833,740,None,181,2018,Betula nana,BETNAN,3,BETNAN3,DSHR,14.3,1.040906973,0.9047042324,0.1,0.008,0.0069,0.8625,0.98373,142.5695652,Katlyn Betway
Toolik Lake,68.61667,149.5833,740,None,181,2018,Betula nana,BETNAN,4,BETNAN4,DSHR,13.7,1.035322993,0.9419542745,0.2,0.01,0.0066,0.66,0.75925,115.0378788,Katlyn Betway
Toolik Lake,68.61667,149.5833,740,None,181,2018,Betula nana,BETNAN,5,BETNAN5,DSHR,8.7,1.027209194,0.9163574531,0.2,0.007,0.0046,0.6571428571,0.65797,143.0369565,Katlyn Betway
Toolik Lake,68.61667,149.5833,740,None,181,2018,Betula nana,BETNAN,6,BETNAN6,DSHR,27.5,1.035815194,0.9586349514,0.1,0.01,0.0055,0.55,0.82478,149.96,Katlyn Betway
Toolik Lake,68.61667,149.5833,740,None,181,2018,Betula nana,BETNAN,7,BETNAN7,DSHR,10,1.034333309,0.9106864186,0.2,0.16,0.0083,0.051875,1.16177,139.9722892,Katlyn Betway
Toolik Lake,68.61667,149.5833,740,None,181,2018,Betula nana,BETNAN,8,BETNAN8,DSHR,16.6,1.031002872,0.9064326473,0.2,0.012,0.0059,0.4916666667,1.15996,196.6033898,Katlyn Betway
Toolik Lake,68.61667,149.5833,740,None,181,2018,Betula nana,BETNAN,9,BETNAN9,DSHR,21.2,1.031237006,0.9081944749,0.2,0.015,0.0091,0.6066666667,1.35284,148.6637363,Katlyn Betway
Toolik Lake,68.61667,149.5833,740,None,181,2018,Betula nana,BETNAN,10,BETNAN10,DSHR,11,1.025579527,0.8856256515,0.2,0.006,0.0056,0.9333333333,0.85536,152.7428571,Katlyn Betway
Toolik Lake,68.61667,149.5833,740,None,179,2018,Carex aquatilis,CARAQU,1,CARAQU1,GRAM,19,1.026121792,0.7309114136,0.3,0.045,0.0213,0.4733333333,2.1111,99.11267606,Katlyn Betway
Toolik Lake,68.61667,149.5833,740,None,179,2018,Carex aquatilis,CARAQU,2,CARAQU2,GRAM,16.9,1.014260875,0.6474127079,0.2,0.075,0.0277,0.3693333333,1.53769,55.51227437,Katlyn Betway
Toolik Lake,68.61667,149.5833,740,None,179,2018,Carex aquatilis,CARAQU,3,CARAQU3,GRAM,13,1.014084931,0.8539373276,0.1,0.034,0.0192,0.5647058824,2.06147,107.3682292,Katlyn Betway
Toolik Lake,68.61667,149.5833,740,None,179,2018,Carex aquatilis,CARAQU,4,CARAQU4,GRAM,13.9,1.006146917,0.7872308326,0.2,0.033,0.0216,0.6545454545,2.09327,96.91064815,Katlyn Betway
Toolik Lake,68.61667,149.5833,740,None,179,2018,Carex aquatilis,CARAQU,5,CARAQU5,GRAM,12.2,1.011869296,0.8254679158,0.1,0.046,0.0211,0.4586956522,1.71255,81.16350711,Katlyn Betway
Toolik Lake,68.61667,149.5833,740,None,179,2018,Carex aquatilis,CARAQU,6,CARAQU6,GRAM,19.4,1.003563949,0.8489043624,0.1,0.004,0.0043,1.075,0.22773,52.96046512,Katlyn Betway
Toolik Lake,68.61667,149.5833,740,None,179,2018,Carex aquatilis,CARAQU,7,CARAQU7,GRAM,17.2,1.005464364,0.8121193095,0.2,0.016,0.0106,0.6625,1.84281,173.85,Katlyn Betway
Toolik Lake,68.61667,149.5833,740,None,179,2018,Carex aquatilis,CARAQU,8,CARAQU8,GRAM,15.3,1.026058606,0.6158237306,0.2,0.062,0.0258,0.4161290323,4.1401,160.4689922,Katlyn Betway
Toolik Lake,68.61667,149.5833,740,None,179,2018,Carex aquatilis,CARAQU,9,CARAQU9,GRAM,15.5,1.01067953,0.8575407304,0.2,0.03,0.0111,0.37,0.90232,81.29009009,Katlyn Betway
Toolik Lake,68.61667,149.5833,740,None,179,2018,Carex aquatilis,CARAQU,10,CARAQU10,GRAM,14,0.9974612748,0.8453265276,0.1,0.084,0.037,0.4404761905,3.69831,99.95432432,Katlyn Betway
Toolik Lake,68.61667,149.5833,740,None,178,2018,Cassiope tetragona,CASTET,1,CASTET1,ESHR,6,0.9954874128,0.6309920882,2,0.036,0.0276,0.7666666667,0.70142,25.41376812,Katlyn Betway
Toolik Lake,68.61667,149.5833,740,None,178,2018,Cassiope tetragona,CASTET,2,CASTET2,ESHR,7.1,1.014305071,0.8061691404,1.6,0.05,0.035,0.7,0.93204,26.62971429,Katlyn Betway
Toolik Lake,68.61667,149.5833,740,None,178,2018,Cassiope tetragona,CASTET,3,CASTET3,ESHR,9.6,1.003529924,0.78957748,1.7,0.036,0.0302,0.8388888889,0.98738,32.69470199,Katlyn Betway
Toolik Lake,68.61667,149.5833,740,None,178,2018,Cassiope tetragona,CASTET,4,CASTET4,ESHR,8.7,0.9935040928,0.762871192,0.9,0.03,0.0256,0.8533333333,0.94608,36.95625,Katlyn Betway
Toolik Lake,68.61667,149.5833,740,None,178,2018,Cassiope tetragona,CASTET,5,CASTET5,ESHR,9.6,1.027872285,0.8182576823,1.4,0.069,0.0388,0.5623188406,0.9693,24.98195876,Katlyn Betway
Toolik Lake,68.61667,149.5833,740,None,178,2018,Cassiope tetragona,CASTET,6,CASTET6,ESHR,8.6,0.9961290232,0.7376004684,1,0.049,0.0463,0.9448979592,1.28388,27.72958963,Katlyn Betway
Toolik Lake,68.61667,149.5833,740,None,178,2018,Cassiope tetragona,CASTET,7,CASTET7,ESHR,8.3,1.013735669,0.8065117854,1.7,0.046,0.0305,0.6630434783,0.77315,25.34918033,Katlyn Betway
Toolik Lake,68.61667,149.5833,740,None,178,2018,Cassiope tetragona,CASTET,8,CASTET8,ESHR,8.4,0.9973266697,0.7954917823,1.5,0.058,0.0345,0.5948275862,1.03707,30.06,Katlyn Betway
Toolik Lake,68.61667,149.5833,740,None,178,2018,Cassiope tetragona,CASTET,9,CASTET9,ESHR,17.4,0.990871532,0.7240456579,1.7,0.067,0.0502,0.7492537313,1.25533,25.00657371,Katlyn Betway
Toolik Lake,68.61667,149.5833,740,None,178,2018,Cassiope tetragona,CASTET,10,CASTET10,ESHR,8.2,1.019898873,0.7646286724,1.9,0.114,0.0737,0.6464912281,2.44056,33.11478969,Katlyn Betway
Toolik Lake,68.61667,149.5833,740,None,180,2018,Eriophorum angustifolium,ERIANG,1,ERIANG1,GRAM,21.1,1.037176056,0.8889585651,0.1,0.22,0.0554,0.2518181818,11.20569,202.2687726,Katlyn Betway
Toolik Lake,68.61667,149.5833,740,None,180,2018,Eriophorum angustifolium,ERIANG,2,ERIANG2,GRAM,24.3,1.035565604,0.8423633144,0.2,0.434,0.1385,0.319124424,28.44646,205.3896029,Katlyn Betway
Toolik Lake,68.61667,149.5833,740,None,180,2018,Eriophorum angustifolium,ERIANG,3,ERIANG3,GRAM,21.6,1.034145546,0.852638888,0.3,0.284,0.0785,0.2764084507,16.64734,212.0680255,Katlyn Betway
Toolik Lake,68.61667,149.5833,740,None,180,2018,Eriophorum angustifolium,ERIANG,4,ERIANG4,GRAM,35.2,1.033096319,0.9057742666,0.4,0.402,0.1242,0.3089552239,23.9112,192.5217391,Katlyn Betway
Toolik Lake,68.61667,149.5833,740,None,180,2018,Eriophorum angustifolium,ERIANG,5,ERIANG5,GRAM,21.2,1.059360976,0.4722547944,0.1,0.094,0.0201,0.2138297872,3.78462,188.2895522,Katlyn Betway
Toolik Lake,68.61667,149.5833,740,None,180,2018,Eriophorum angustifolium,ERIANG,6,ERIANG6,GRAM,33.2,1.02583662,0.8750411113,0.3,0.557,0.1395,0.250448833,24.44233,175.2138351,Katlyn Betway
Toolik Lake,68.61667,149.5833,740,None,180,2018,Eriophorum angustifolium,ERIANG,7,ERIANG7,GRAM,24.6,1.01982288,0.8231243314,0.4,0.196,0.0553,0.2821428571,10.09735,182.5922242,Katlyn Betway
Toolik Lake,68.61667,149.5833,740,None,180,2018,Eriophorum angustifolium,ERIANG,8,ERIANG8,GRAM,31.2,1.015485632,0.8741961225,0.3,0.374,0.1174,0.3139037433,21.40128,182.2936968,Katlyn Betway
Toolik Lake,68.61667,149.5833,740,None,180,2018,Eriophorum angustifolium,ERIANG,9,ERIANG9,GRAM,27.8,1.018438516,0.8357891469,0.5,0.23,0.0973,0.4230434783,17.39794,178.8071942,Katlyn Betway
Toolik Lake,68.61667,149.5833,740,None,180,2018,Eriophorum angustifolium,ERIANG,10,ERIANG10,GRAM,31.2,1.01293031,0.820805519,0.5,0.464,0.1293,0.2786637931,27.10398,209.6208817,Katlyn Betway
Toolik Lake,68.61667,149.5833,740,None,180,2018,Eriophorum russeolum,ERIRUS,1,ERIRUS1,GRAM,16.2,1.031674911,0.8336772014,0.2,0.013,0.0085,0.6538461538,0.49603,58.35647059,Katlyn Betway
Toolik Lake,68.61667,149.5833,740,None,180,2018,Eriophorum russeolum,ERIRUS,2,ERIRUS2,GRAM,15.3,1.029231988,0.8779396492,0.6,0.033,0.0158,0.4787878788,1.07547,68.06772152,Katlyn Betway
Toolik Lake,68.61667,149.5833,740,None,180,2018,Eriophorum russeolum,ERIRUS,3,ERIRUS3,GRAM,13.1,1.030757265,0.7545270022,0.6,0.055,0.0156,0.2836363636,1.65807,106.2865385,Katlyn Betway
Toolik Lake,68.61667,149.5833,740,None,180,2018,Eriophorum russeolum,ERIRUS,4,ERIRUS4,GRAM,16.1,1.034428593,0.8046059784,0.4,0.061,0.0186,0.3049180328,1.27735,68.67473118,Katlyn Betway
Toolik Lake,68.61667,149.5833,740,None,180,2018,Eriophorum russeolum,ERIRUS,5,ERIRUS5,GRAM,15.2,1.015870105,0.9001911753,0.5,0.028,0.0104,0.3714285714,1.02276,98.34230769,Katlyn Betway
Toolik Lake,68.61667,149.5833,740,None,180,2018,Eriophorum russeolum,ERIRUS,6,ERIRUS6,GRAM,14.3,1.016353774,0.8798953091,0.5,0.06,0.0229,0.3816666667,3.56843,155.8266376,Katlyn Betway
Toolik Lake,68.61667,149.5833,740,None,180,2018,Eriophorum russeolum,ERIRUS,7,ERIRUS7,GRAM,16.3,1.095834825,0.5223131057,0.5,0.035,0.0137,0.3914285714,1.51717,110.7423358,Katlyn Betway
Toolik Lake,68.61667,149.5833,740,None,180,2018,Eriophorum russeolum,ERIRUS,8,ERIRUS8,GRAM,15.7,1.040033692,0.7366200463,0.6,0.014,0.0056,0.4,0.79721,142.3589286,Katlyn Betway
Toolik Lake,68.61667,149.5833,740,None,180,2018,Eriophorum russeolum,ERIRUS,9,ERIRUS9,GRAM,15.9,1.056267104,0.6191881278,0.6,0.049,0.0166,0.3387755102,1.3786,83.04819277,Katlyn Betway
Toolik Lake,68.61667,149.5833,740,None,180,2018,Eriophorum russeolum,ERIRUS,10,ERIRUS10,GRAM,16.2,1.058671894,0.6268860522,0.7,0.048,0.0236,0.4916666667,0.5796,24.55932203,Katlyn Betway
Toolik Lake,68.61667,149.5833,740,None,176,2018,Eriophorum vaginatum,ERIVAG,1,ERIVAG1,GRAM,14.4,1.037704765,0.1001871239,0.2,0.03,0.0113,0.3766666667,0.68621,60.72654867,Katlyn Betway
Toolik Lake,68.61667,149.5833,740,None,176,2018,Eriophorum vaginatum,ERIVAG,2,ERIVAG2,GRAM,40,1.040652848,0.735535803,0.7,0.06,0.0214,0.3566666667,1.85883,86.86121495,Katlyn Betway
Toolik Lake,68.61667,149.5833,740,None,176,2018,Eriophorum vaginatum,ERIVAG,3,ERIVAG3,GRAM,29,1.052838943,0.722832024,0.6,0.4,0.0162,0.0405,1.36744,84.40987654,Katlyn Betway
Toolik Lake,68.61667,149.5833,740,None,176,2018,Eriophorum vaginatum,ERIVAG,4,ERIVAG4,GRAM,20,1.041773531,0.7582571806,0.3,0.03,0.0141,0.47,1.84918,131.1475177,Katlyn Betway
Toolik Lake,68.61667,149.5833,740,None,176,2018,Eriophorum vaginatum,ERIVAG,5,ERIVAG5,GRAM,22,1.02611305,0.48427939,0.5,0.03,0.0143,0.4766666667,1.89755,132.6958042,Katlyn Betway
Toolik Lake,68.61667,149.5833,740,None,176,2018,Eriophorum vaginatum,ERIVAG,6,ERIVAG6,GRAM,28.7,1.031347394,0.689009821,0.3,0.04,0.0162,0.405,1.81215,111.8611111,Katlyn Betway
Toolik Lake,68.61667,149.5833,740,None,176,2018,Eriophorum vaginatum,ERIVAG,7,ERIVAG7,GRAM,32,1.026212396,0.6255894408,0.4,0.04,0.019,0.475,2.01985,106.3078947,Katlyn Betway
Toolik Lake,68.61667,149.5833,740,None,176,2018,Eriophorum vaginatum,ERIVAG,8,ERIVAG8,GRAM,27.6,1.02879163,0.8115910224,0.3,0.06,0.0262,0.4366666667,1.79287,68.43015267,Katlyn Betway
Toolik Lake,68.61667,149.5833,740,None,176,2018,Eriophorum vaginatum,ERIVAG,9,ERIVAG9,GRAM,17.5,1.025580574,0.7422579096,0.3,0.03,0.0091,0.3033333333,0.88467,97.21648352,Katlyn Betway
Toolik Lake,68.61667,149.5833,740,None,176,2018,Eriophorum vaginatum,ERIVAG,10,ERIVAG10,GRAM,31,1.017935923,0.3320631103,0.7,0.07,0.0274,0.3914285714,1.95299,71.2770073,Katlyn Betway
Toolik Lake,68.61667,149.5833,740,None,178,2018,Ledum palustre,LEDPAL,1,LEDPAL1,ESHR,4.4,1.018864633,0.797492461,0.5,0.002,0.0028,1.4,0.10628,37.95714286,Katlyn Betway
Toolik Lake,68.61667,149.5833,740,None,178,2018,Ledum palustre,LEDPAL,2,LEDPAL2,ESHR,5.3,0.991625628,0.5075277753,0.3,0.001,0.0019,1.9,0.03838,20.2,Katlyn Betway
Toolik Lake,68.61667,149.5833,740,None,178,2018,Ledum palustre,LEDPAL,3,LEDPAL3,ESHR,6.1,1.003727451,0.68130849,0.1,0.001,0.0014,1.4,0.05729,40.92142857,Katlyn Betway
Toolik Lake,68.61667,149.5833,740,None,178,2018,Ledum palustre,LEDPAL,4,LEDPAL4,ESHR,12.4,1.009677725,0.7698505125,0.5,0.002,0.0021,1.05,0.11857,56.46190476,Katlyn Betway
Toolik Lake,68.61667,149.5833,740,None,178,2018,Ledum palustre,LEDPAL,5,LEDPAL5,ESHR,10.5,1.019759595,0.8983846167,0.3,0.003,0.0026,0.8666666667,0.14587,56.10384615,Katlyn Betway
Toolik Lake,68.61667,149.5833,740,None,178,2018,Ledum palustre,LEDPAL,6,LEDPAL6,ESHR,10.3,1.018819192,0.849409111,0.3,0.001,0.0023,2.3,0.11216,48.76521739,Katlyn Betway
Toolik Lake,68.61667,149.5833,740,None,178,2018,Ledum palustre,LEDPAL,7,LEDPAL7,ESHR,8.8,1.005495862,0.7907242854,0.3,0.001,0.0024,2.4,0.11983,49.92916667,Katlyn Betway
Toolik Lake,68.61667,149.5833,740,None,178,2018,Ledum palustre,LEDPAL,8,LEDPAL8,ESHR,6.1,1.013736148,0.6426302541,0.3,0.002,0.0035,1.75,0.18137,51.82,Katlyn Betway
Toolik Lake,68.61667,149.5833,740,None,178,2018,Ledum palustre,LEDPAL,9,LEDPAL9,ESHR,6.9,1.016810144,0.8128533911,0.3,0.001,0.0031,3.1,0.24092,77.71612903,Katlyn Betway
Toolik Lake,68.61667,149.5833,740,None,178,2018,Ledum palustre,LEDPAL,10,LEDPAL10,ESHR,6.7,1.011017993,0.8330844973,0.4,0.001,0.002,2,0.21618,108.09,Katlyn Betway
Toolik Lake,68.61667,149.5833,740,None,181,2018,Luzula confusa,LUZCON,1,LUZCON1,GRAM,7.8,1.036475684,0.5676874821,0.1,0.017,0.0105,0.6176470588,0.74709,71.15142857,Katlyn Betway
Toolik Lake,68.61667,149.5833,740,None,181,2018,Luzula confusa,LUZCON,2,LUZCON2,GRAM,6.2,1.055649066,0.5155149694,0.1,0.029,0.01,0.3448275862,0.65874,65.874,Katlyn Betway
Toolik Lake,68.61667,149.5833,740,None,181,2018,Luzula confusa,LUZCON,3,LUZCON3,GRAM,6,1.054407144,0.4564062643,0.1,0.015,0.0062,0.4133333333,0.4294,69.25806452,Katlyn Betway
Toolik Lake,68.61667,149.5833,740,None,181,2018,Luzula confusa,LUZCON,4,LUZCON4,GRAM,6,1.038667799,0.3756108677,0.2,0.02,0.0086,0.43,0.27984,32.53953488,Katlyn Betway
Toolik Lake,68.61667,149.5833,740,None,181,2018,Luzula confusa,LUZCON,5,LUZCON5,GRAM,6,1.034195166,0.5857754548,0.1,0.013,0.0062,0.4769230769,0.44573,71.89193548,Katlyn Betway
Toolik Lake,68.61667,149.5833,740,None,181,2018,Luzula confusa,LUZCON,6,LUZCON6,GRAM,8,1.0503198,0.6687450245,0.1,0.031,0.0116,0.3741935484,0.7122,61.39655172,Katlyn Betway
Toolik Lake,68.61667,149.5833,740,None,181,2018,Luzula confusa,LUZCON,7,LUZCON7,GRAM,8,1.047675205,0.6120489579,0.2,0.01,0.0043,0.43,0.32876,76.45581395,Katlyn Betway
Toolik Lake,68.61667,149.5833,740,None,181,2018,Luzula confusa,LUZCON,8,LUZCON8,GRAM,8,1.018125721,0.7019267027,0.2,0.011,0.0089,0.8090909091,0.6171,69.33707865,Katlyn Betway
Toolik Lake,68.61667,149.5833,740,None,181,2018,Luzula confusa,LUZCON,9,LUZCON9,GRAM,7.4,1.035884636,0.7383235323,0.1,0.012,0.0072,0.6,0.73277,101.7736111,Katlyn Betway
Toolik Lake,68.61667,149.5833,740,None,181,2018,Luzula confusa,LUZCON,10,LUZCON10,GRAM,6.7,1.030469708,0.7053924372,0.2,0.028,0.014,0.5,1.09139,77.95642857,Katlyn Betway
Toolik Lake,68.61667,149.5833,740,None,179,2018,Pedicularis lanata,PEDLAN,1,PEDLAN1,FORB,11.2,1.028356888,0.9092931082,0.3,0.06,0.0261,0.435,3.27078,125.3172414,Katlyn Betway
Toolik Lake,68.61667,149.5833,740,None,179,2018,Pedicularis lanata,PEDLAN,2,PEDLAN2,FORB,8.9,1.019175693,0.7834867295,0.3,0.099,0.0306,0.3090909091,2.6798,87.5751634,Katlyn Betway
Toolik Lake,68.61667,149.5833,740,None,179,2018,Pedicularis lanata,PEDLAN,3,PEDLAN3,FORB,10.2,1.017169794,0.6802686081,0.3,0.059,0.0235,0.3983050847,2.58195,109.8702128,Katlyn Betway
Toolik Lake,68.61667,149.5833,740,None,179,2018,Pedicularis lanata,PEDLAN,4,PEDLAN4,FORB,12.2,1.011021965,0.7162950674,0.2,0.018,0.0071,0.3944444444,1.06794,150.4140845,Katlyn Betway
Toolik Lake,68.61667,149.5833,740,None,179,2018,Pedicularis lanata,PEDLAN,5,PEDLAN5,FORB,7.4,1.026513934,0.5919850523,0.4,0.065,0.0267,0.4107692308,1.96803,73.70898876,Katlyn Betway
Toolik Lake,68.61667,149.5833,740,None,179,2018,Pedicularis lanata,PEDLAN,6,PEDLAN6,FORB,8.5,1.010389856,0.7182745858,0.3,0.067,0.0303,0.452238806,2.85691,94.28745875,Katlyn Betway
Toolik Lake,68.61667,149.5833,740,None,179,2018,Pedicularis lanata,PEDLAN,7,PEDLAN7,FORB,4.6,1.014745824,0.563284728,0.6,0.107,0.0418,0.3906542056,3.12448,74.74832536,Katlyn Betway
Toolik Lake,68.61667,149.5833,740,None,179,2018,Pedicularis lanata,PEDLAN,8,PEDLAN8,FORB,6.5,1.003524813,0.7294101362,0.2,0.031,0.0151,0.4870967742,1.4856,98.38410596,Katlyn Betway
Toolik Lake,68.61667,149.5833,740,None,179,2018,Pedicularis lanata,PEDLAN,9,PEDLAN9,FORB,6.8,1.014607042,0.6707761386,0.4,0.04,0.018,0.45,1.63296,90.72,Katlyn Betway
Toolik Lake,68.61667,149.5833,740,None,179,2018,Pedicularis lanata,PEDLAN,10,PEDLAN10,FORB,10.5,1.004565984,0.645391563,0.4,0.096,0.0382,0.3979166667,2.42106,63.37853403,Katlyn Betway
Toolik Lake,68.61667,149.5833,740,None,178,2018,Petasites frigidus,PETFRI,1,PETFRI1,FORB,9.7,1.039430237,0.8624095938,0.6,0.979,0.2372,0.242288049,26.50156,111.7266442,Katlyn Betway
Toolik Lake,68.61667,149.5833,740,None,178,2018,Petasites frigidus,PETFRI,2,PETFRI2,FORB,13.4,1.045716346,0.7614159792,0.6,0.812,0.2073,0.2552955665,26.81821,129.3690786,Katlyn Betway
Toolik Lake,68.61667,149.5833,740,None,178,2018,Petasites frigidus,PETFRI,3,PETFRI3,FORB,14,1.045679783,0.8787054188,0.5,1.186,0.2882,0.2430016863,38.40296,133.2510756,Katlyn Betway
Toolik Lake,68.61667,149.5833,740,None,178,2018,Petasites frigidus,PETFRI,4,PETFRI4,FORB,11,1.04192328,0.8316301792,0.5,0.438,0.1105,0.252283105,14.76502,133.6200905,Katlyn Betway
Toolik Lake,68.61667,149.5833,740,None,178,2018,Petasites frigidus,PETFRI,5,PETFRI5,FORB,11.9,1.045741999,0.8997810033,0.6,0.563,0.1302,0.2312611012,18.18453,139.666129,Katlyn Betway
Toolik Lake,68.61667,149.5833,740,None,178,2018,Petasites frigidus,PETFRI,6,PETFRI6,FORB,10,1.043565957,0.8763148716,0.5,0.597,0.1403,0.2350083752,19.24208,137.1495367,Katlyn Betway
Toolik Lake,68.61667,149.5833,740,None,178,2018,Petasites frigidus,PETFRI,7,PETFRI7,FORB,13.5,1.025429945,0.8725234465,0.5,1.467,0.332,0.2263122018,47.64806,143.518253,Katlyn Betway
Toolik Lake,68.61667,149.5833,740,None,178,2018,Petasites frigidus,PETFRI,8,PETFRI8,FORB,13.1,1.034604417,0.7980791046,0.5,2.09,0.4853,0.2322009569,68.71343,141.5895941,Katlyn Betway
Toolik Lake,68.61667,149.5833,740,None,178,2018,Petasites frigidus,PETFRI,9,PETFRI9,FORB,14,1.039137243,0.8641114049,0.5,1.543,0.3245,0.2103046014,46.3118,142.7174114,Katlyn Betway
Toolik Lake,68.61667,149.5833,740,None,178,2018,Petasites frigidus,PETFRI,10,PETFRI10,FORB,13.4,1.029909533,0.8582423722,-999.9,0.765,0.1733,0.2265359477,24.09476,139.0349683,Katlyn Betway
Toolik Lake,68.61667,149.5833,740,None,181,2018,Poa arctica,POAARC,1,POAARC1,GRAM,9.6,1.005098614,0.4401160518,0.3,0.006,0.0056,0.9333333333,0.58478,104.425,Katlyn Betway
Toolik Lake,68.61667,149.5833,740,None,181,2018,Poa arctica,POAARC,2,POAARC2,GRAM,13.7,1.046604053,0.595670915,0.4,0.011,0.0094,0.8545454545,0.80242,85.36382979,Katlyn Betway
Toolik Lake,68.61667,149.5833,740,None,181,2018,Poa arctica,POAARC,3,POAARC3,GRAM,12.8,1.0451507,0.7775166733,0.4,0.006,0.0048,0.8,0.61233,127.56875,Katlyn Betway
Toolik Lake,68.61667,149.5833,740,None,181,2018,Poa arctica,POAARC,4,POAARC4,GRAM,7.3,1.036497011,0.7094868617,0.4,0.008,0.0069,0.8625,1.24233,180.0478261,Katlyn Betway
Toolik Lake,68.61667,149.5833,740,None,181,2018,Poa arctica,POAARC,5,POAARC5,GRAM,8,1.024306368,0.5633371392,0.6,0.008,0.0089,1.1125,0.49159,55.23483146,Katlyn Betway
Toolik Lake,68.61667,149.5833,740,None,181,2018,Poa arctica,POAARC,6,POAARC6,GRAM,17,-999.9,-999.9,0.5,0.023,0.0188,0.8173913043,1.1616,61.78723404,Katlyn Betway
Toolik Lake,68.61667,149.5833,740,None,181,2018,Poa arctica,POAARC,7,POAARC7,GRAM,8.5,-999.9,-999.9,0.5,0.018,0.0126,0.7,0.98759,78.38015873,Katlyn Betway
Toolik Lake,68.61667,149.5833,740,None,181,2018,Poa arctica,POAARC,8,POAARC8,GRAM,9,-999.9,-999.9,0.3,0.01,0.0074,0.74,0.64038,86.53783784,Katlyn Betway
Toolik Lake,68.61667,149.5833,740,None,181,2018,Poa arctica,POAARC,9,POAARC9,GRAM,9.8,-999.9,-999.9,0.4,0.014,0.009,0.6428571429,0.67009,74.45444444,Katlyn Betway
Toolik Lake,68.61667,149.5833,740,None,181,2018,Poa arctica,POAARC,10,POAARC10,GRAM,5,1.048714713,0.6074440154,0.2,0.007,0.0046,0.6571428571,0.53438,116.1695652,Katlyn Betway
Toolik Lake,68.61667,149.5833,740,None,177,2018,Salix pulchra,SALPUL,1,SALPUL1,DSHR,20,1.022031673,0.8258872681,0.2,0.015,0.0128,0.8533333333,1.51475,118.3398438,Katlyn Betway
Toolik Lake,68.61667,149.5833,740,None,177,2018,Salix pulchra,SALPUL,2,SALPUL2,DSHR,17,1.024103894,0.8328691537,0.2,0.017,0.0144,0.8470588235,1.43296,99.51111111,Katlyn Betway
Toolik Lake,68.61667,149.5833,740,None,177,2018,Salix pulchra,SALPUL,3,SALPUL3,DSHR,25,1.011801708,0.8092858817,0.1,0.009,0.0066,0.7333333333,1.13715,172.2954545,Katlyn Betway
Toolik Lake,68.61667,149.5833,740,None,177,2018,Salix pulchra,SALPUL,4,SALPUL4,DSHR,15.6,1.022727756,0.8366112134,0.2,0.029,0.0161,0.5551724138,2.34135,145.4254658,Katlyn Betway
Toolik Lake,68.61667,149.5833,740,None,177,2018,Salix pulchra,SALPUL,5,SALPUL5,DSHR,16.5,0.9981089923,0.7812653789,0.1,0.01,0.0033,0.33,0.89299,270.6030303,Katlyn Betway
Toolik Lake,68.61667,149.5833,740,None,177,2018,Salix pulchra,SALPUL,6,SALPUL6,DSHR,20.5,1.016410138,0.7698396774,0.1,0.018,0.0067,0.3722222222,1.66616,248.680597,Katlyn Betway
Toolik Lake,68.61667,149.5833,740,None,177,2018,Salix pulchra,SALPUL,7,SALPUL7,DSHR,20.2,1.00173855,0.7837877248,0.1,0.018,0.0083,0.4611111111,2.14584,258.5349398,Katlyn Betway
Toolik Lake,68.61667,149.5833,740,None,177,2018,Salix pulchra,SALPUL,8,SALPUL8,DSHR,14,1.004044381,0.8435353592,0.1,0.013,0.0018,0.1384615385,1.31733,731.85,Katlyn Betway
Toolik Lake,68.61667,149.5833,740,None,177,2018,Salix pulchra,SALPUL,9,SALPUL9,DSHR,21.2,0.4206902317,0.1611177242,0.1,0.017,0.0034,0.2,1.57335,462.75,Katlyn Betway
Toolik Lake,68.61667,149.5833,740,None,177,2018,Salix pulchra,SALPUL,10,SALPUL10,DSHR,11.1,1.002121662,0.7951315371,0.1,0.015,0.0114,0.76,1.43915,126.2412281,Katlyn Betway
Toolik Lake,68.61667,149.5833,740,None,177,2018,Vaccinium vitis-idaea,VACVIT,1,VACVIT1,ESHR,4,1.024139142,0.8603423694,0.4,0.014,0.0087,0.6214285714,0.43794,50.33793103,Katlyn Betway
Toolik Lake,68.61667,149.5833,740,None,177,2018,Vaccinium vitis-idaea,VACVIT,2,VACVIT2,ESHR,4.5,1.016649429,0.8580995032,0.3,0.009,0.0073,0.8111111111,0.34421,47.15205479,Katlyn Betway
Toolik Lake,68.61667,149.5833,740,None,177,2018,Vaccinium vitis-idaea,VACVIT,3,VACVIT3,ESHR,2.5,1.02253457,0.8272112279,0.4,0.011,0.0079,0.7181818182,0.31052,39.30632911,Katlyn Betway
Toolik Lake,68.61667,149.5833,740,None,177,2018,Vaccinium vitis-idaea,VACVIT,4,VACVIT4,ESHR,2,1.021533805,0.8195417331,0.4,0.008,0.0061,0.7625,0.25673,42.08688525,Katlyn Betway
Toolik Lake,68.61667,149.5833,740,None,177,2018,Vaccinium vitis-idaea,VACVIT,5,VACVIT5,ESHR,3.5,1.021185871,0.9170877494,0.5,0.016,0.0096,0.6,0.46503,48.440625,Katlyn Betway
Toolik Lake,68.61667,149.5833,740,None,177,2018,Vaccinium vitis-idaea,VACVIT,6,VACVIT6,ESHR,4,0.9887525024,0.8239063066,0.4,0.001,0.0029,2.9,0.13131,45.27931034,Katlyn Betway
Toolik Lake,68.61667,149.5833,740,None,177,2018,Vaccinium vitis-idaea,VACVIT,7,VACVIT7,ESHR,4,1.00412321,0.7518204067,0.3,0.018,0.0107,0.5944444444,0.65204,60.93831776,Katlyn Betway
Toolik Lake,68.61667,149.5833,740,None,177,2018,Vaccinium vitis-idaea,VACVIT,8,VACVIT8,ESHR,3.8,1.019914363,0.9081040263,0.4,0.015,0.0092,0.6133333333,0.58214,63.27608696,Katlyn Betway
Toolik Lake,68.61667,149.5833,740,None,177,2018,Vaccinium vitis-idaea,VACVIT,9,VACVIT9,ESHR,3.5,1.016544996,0.9042541438,0.4,0.009,0.0057,0.6333333333,0.20052,35.17894737,Katlyn Betway
Toolik Lake,68.61667,149.5833,740,None,177,2018,Vaccinium vitis-idaea,VACVIT,10,VACVIT10,ESHR,2.5,1.017124912,0.8281199488,0.5,0.015,0.0093,0.62,0.42544,45.74623656,Katlyn Betway